index,title,tag,artist,year,x_coordinate,y_coordinate
0,Relax,rap,Rich Amiri,2022,-0.4,0.7
1,Extra,rap,Lil Calorie,2020,-0.8,-0.3
2,The Most Fun,rap,Safaree,2015,0.7,0.85
3,California,rap,Vanilla Taurus,2018,-0.7,0.55
4,Free Thinking,rap,ProduceKyro,2021,0.25,0.65
5,That Bird,rap,Young Mugz,2016,-0.2,0.7
6,Keep It Real Remix,rap,Miilkbone,1995,-0.4,0.65
7,Dolla Signs and Palm Trees,rap,Dashboard Danny,2021,-0.8,-0.5
8,You,rap,Hailey B,2016,-0.7,-0.3
9,ISSA FUNERAL,rap,SCTHECARDINAL,2017,-0.55,0.65
10,Lions and Tigers and Bears,rap,Hiesse,2019,-0.55,0.65
11,Diss on my sis,rap,Dj hughes,2019,-0.55,0.65
12,King me,rap,King_isaiahhh,2015,-0.4,0.65
13,Insta Dreams,rap,Nightingale_RUS,2019,-0.7,-0.7
14,SHUT UP,rap,JAYKakashi,2020,-0.55,0.65
15,Ghetto Apostles,rap,Shabazz the Disciple,1998,-0.4,0.65
16,Hanh,rap,Dot Dot Curve,2008,-0.55,0.65
17,Word to Spread,rap,The Funk Hunters & Chali 2na,2016,-0.7,0.3
18,Growth,rap,Sami-Kaie,2019,0.85,0.2
19,DROPTHESAUCE,rap,PrxdDaGxd,2017,-0.4,0.65
20,Gun Emoji Bang,rap,Gensu Dean & Denmark Vessey,2018,-0.6,0.45
21,BUDDAH ARMS,rap,Thouxanbanfauni,2022,-0.7,0.3
22,Graduation333,rap,Majoraeclipse,2021,-0.6,0.45
23,Lasting,rap,DAJ,2018,0.25,0.65
24,No Offence,rap,Tobbz,2019,-0.6,0.45
25,1994 Freestyle,rap,Young Social,2016,-0.75,0.1
26,In The Field Again,rap,FORTYTEN,2019,0.7,0.85
27,Exodia,rap,Tori2x,2022,-0.4,0.65
28,Joy to the World,rap,Shama Mrema & PD Bachmann,2019,0.85,-0.2
29,‚Äã‚Äãthelifestyle,rap,Eli juggz,2021,0.9,0.6
30,Ratchita,rap,Ty-Mitch,2020,0.25,0.65
31,Backseat Freestyle,rap,DJ Critical Hype,2018,0.25,0.65
32,102.1 Jamz Freestyle,rap,J. Cole,2009,0.25,0.65
33,Sewed Up,rap,Q Da Fool,2018,-0.4,0.6
34,Where You Been,rap,BrvndonP & Mission,2017,0.7,0.85
35,Life is Beautiful,rap,Parsa,2019,-0.75,-0.1
36,Used To,rap,Skr1ter,2020,-0.7,0.55
37,Untitled feat. Yung Kayo,rap,KILLY,2019,0.85,-0.2
38,The Marijuana Song,rap,A.K.Nash,2016,0.25,0.65
39,Space,rap,Asher Roth,2012,-0.7,-0.7
40,Tales Of Women,rap,Akua Naru,2012,-0.8,-0.3
41,Gods Will,rap,William Pippins,2018,-0.8,-0.5
42,Peppa.exe vs Sonic.exe,rap,Animation Rewind,2020,-0.55,0.65
43,Stormy Weather,rap,303BAM,2021,0.85,-0.2
44,What You Know,rap,Soulja Boy,2009,-0.2,0.7
45,Chopsticks,rap,Almighty Jay,2017,-0.4,0.65
46,Searle St Serenade,rap,D'Meetri,2019,-0.7,0.3
47,Like You,rap,Figure Flows,2017,0.85,-0.15
48,21 Answers,rap,Lil' Mo,2013,0.7,0.85
49,Fake Me,rap,Triple A,2018,0.75,-0.5
50,Mindframe,rap,Toddi,2017,0.6,-0.35
51,Kings Bread,rap,Yung cash register aka lil broomstick,2018,-0.4,0.65
52,Astronaut In The Ocean Remix,rap,Vojtech Cekal,2021,0.7,0.85
53,Shining,rap,Movvy,2020,-0.8,-0.5
54,Collapse,rap,HeyMrNoOdLeS,2019,-0.8,-0.3
55,Monster,rap,D-Lo116,2021,-0.2,0.7
56,Spacing,rap,Gidii,2019,-0.7,-0.3
57,This Cant Be Happening Intro,rap,Us3rn4mee,2021,-0.75,-0.1
58,Dolce  Gabbana,rap,PD,2021,0.7,0.85
59,The Cipher,rap,Lord Jamar,2006,-0.8,-0.3
60,Windmill Cancer Survivor,rap,Beans,2019,0.65,0.55
61,Monkey Ish,rap,Stalley,2014,-0.6,0.45
62,Fight Or Win Single,rap,Kimo's,2020,-0.55,0.65
63,Double Up,rap,Sylence 100,2020,0.7,0.85
64,Up,rap,Yung Mavu,2020,0.25,0.65
65,VVS Remix,rap,Lil Skittles,2019,-0.6,0.45
66,Intro Skit,rap,Lil Oli,2021,-0.8,-0.3
67,NINA SIMONE,rap,BabyDaiz,2021,0.85,-0.2
68,Too Much,rap,Barry Allen,2016,-0.7,-0.7
69,Paid the Fine,rap,"Young Stoner Life, Young Thug & Gunna",2021,0.85,-0.2
70,The Brink,rap,Nate Nics,2021,-0.6,0.45
71,Uptown Interlude,rap,Lord Stunnah,2018,-0.7,-0.7
72,A Lot,rap,Brazen-Faced,2020,-0.4,0.65
73,ENDZ,rap,BLV CLOVDS,2020,-0.7,0.55
74,Ode2edith,rap,Skoobers,2020,-0.3,-0.7
75,Stamina,rap,Zoocci Coke Dope,2017,0.25,0.65
76,What Is Understood,rap,P-Tree,2021,0.7,0.85
77,Got It,rap,Lil Karat Stixx,2020,0.85,-0.2
78,Drugz,rap,DopeSMOOTHIES,2020,-0.8,-0.5
79,Stop Playing,rap,Blaze Coleman,2018,-0.6,0.45
80,Last Time,rap,Kill The Vultures,2015,-0.7,-0.3
81,White barz,rap,Peter Sorensen,2013,-0.6,0.45
82,Big Blanco,rap,Tu Blanco,2020,0.25,0.65
83,My Lifes Rapture,rap,Ghwttogabe,2020,-0.7,0.55
84,Ima Ball,rap,Kalan.FrFr.,2021,0.7,0.85
85,Drako  vs undead_slayer,rap,Dr@k01387,2019,-0.55,0.65
86,Wanting more,rap,Matthew Collis,2018,0.7,0.85
87,203,rap,MI$FIT NIZZY,2018,0.7,0.85
88,Heartfelt,rap,Roney,2020,-0.7,0.3
89,Soul,rap,Silas,2021,-0.75,-0.1
90,Ghost Stories Part 1,rap,Styles P,2005,-0.2,0.7
91,Inalude,rap,Sica,2021,0.75,-0.5
92,Trouble,rap,Sheperd,2017,-0.55,0.65
93,Private Party,rap,Arhinslim,2020,-0.6,0.45
94,Food Trucks,rap,T-K.A.S.H.,2017,-0.55,0.65
95,Old Skool,rap,Kosh,2018,0.7,0.85
96,Mrs. Lynch Your Son Is The Devil,rap,IDK,2017,-0.7,-0.3
97,Not Having It,rap,Clover,2019,0.7,0.85
98,ZEALOT,rap,Sonya June,2019,-0.55,0.65
99,Tha Bachelor,rap,POP STUNNA,2021,0.25,0.65
100,138,rap,Tnb clipper,2021,-0.6,0.45
101,The christmas rap,rap,Pye green valley,2012,0.6,-0.35
102,IMPURITY,rap,Sai (@off.sai),2020,-0.4,0.65
103,Knife Talk Sessions,rap,Wayne Rama,2021,0.7,0.85
104,Kasies Vibe,rap,Kasie,2020,-0.6,0.45
105,Bugs Bunny Flow,rap,SBL Jeremiah,2021,0.25,0.65
106,Reader  Writer,rap,Teejayx6,2019,-0.4,0.65
107,Deh Suh Remix,rap,Yizzy,2019,0.65,0.55
108,Foxys Bells,rap,Foxy Brown,1996,0.7,0.85
109,Early grind,rap,Dicecapo,2013,-0.4,0.65
110,Sunday,rap,Nickelus F,2016,-0.7,0.3
111,Hot Dog,rap,SHUG,2018,0.25,0.65
112,Never Turns Out How You Thought it Would,rap,Classified,2006,0.1,-0.7
113,CELEBRATE LIFE,rap,"Charlie Heat, DRAM & Ant Beale",2018,0.65,0.55
114,Gods Gift,rap,Orakana,2022,0.25,0.65
115,Molotov,rap,GXNER.,2021,-0.2,0.7
116,Shine Blockas Remix,rap,Big Boi,2010,0.7,0.85
117,U Gon Miss It,rap,Thugga Massina,2014,-0.55,0.65
118,Why RapGenius?,rap,a 'M.O.M.T.' Vce,2013,0.7,0.85
119,Now What,rap,K-Rino,2012,-0.7,0.3
120,16 Bar Freestyle,rap,AYungXhulooo,2018,-0.4,0.65
121,We Made It,rap,Trouble,2015,-0.7,-0.7
122,Big Los,rap,Nino Brown (USA),2011,-0.55,0.65
123,Castle Mania,rap,Omega Sparx,2014,-0.2,0.7
124,Swipe,rap,Weiland,2022,-0.55,0.65
125,Not tha Average,rap,Jeru the Damaja,1996,0.25,0.65
126,Past Due,rap,Daren (DVG),2016,0.85,-0.2
127,Grow,rap,Amb,2017,-0.8,-0.5
128,Pootie,rap,Jesuslovemike,2021,0.25,0.65
129,Thousand Pieces,rap,808x,2016,-0.7,0.3
130,UnHoly Angel,rap,C-Money,2021,-0.55,0.65
131,TENS,rap,Boybrat ft bakardi,2019,0.25,0.65
132,Fade,rap,JINX (jr.),2018,-0.7,-0.7
133,Celo,rap,LocoCity,2019,-0.2,0.7
134,Days,rap,Reezy Mw,2019,0.7,0.85
135,O.T.S Now You Bout It,rap,Rotimi A,2014,0.85,-0.2
136,Im a reject,rap,Tempvra,2017,-0.55,0.65
137,Get It Right Now,rap,Del The Funky Homosapien,2009,-0.6,0.45
138,Humping,rap,Pablo M.,2013,0.25,0.65
139,Geez,rap,Swish Da God,2020,0.85,-0.2
140,I Told Em,rap,Lil Gotit,2019,-0.4,0.65
141,Shady 2.0 Cypher Freestyle,rap,Ill Intent,2014,-0.55,0.65
142,Running In Circles,rap,Softheart,2020,-0.4,0.65
143,Baby Dont Go,rap,Fabolous,2007,-0.3,-0.7
144,They Forgot,rap,Loose,2019,-0.2,0.7
145,Dennisms,rap,Funky DL,2019,0.75,0.3
146,Old.Person.Syndrome.O.P.S.,rap,Sinderella Mann,2020,-0.6,0.45
147,Was Never Cool,rap,Kenny Golder Jr.,2019,0.7,0.85
148,Animae,rap,Swaghollywood,2020,0.7,0.85
149,Wax and Herbal T get FUNKYFRESH,rap,Wax & Herbal T,2022,0.7,0.85
150,Drifting Through the Sequoia Grove,rap,Flacco,2016,-0.6,0.45
151,Awesome Remix,rap,Prezidential Candidates,2011,0.65,0.55
152,MELIAMOTH,rap,theo (FR),2020,0.7,0.85
153,My Time,rap,Tommy G,2016,0.85,-0.2
154,Fed Up,rap,Bounty Killer,1996,-0.4,0.65
155,Nightim6,rap,666laughter,2021,0.25,0.65
156,Forever,rap,Melvin boy x Pablo,2015,0.25,0.65
157,Add It Up,rap,Young Finch,2017,0.7,0.85
158,Sole,rap,Vandalyzm,2010,0.85,-0.2
159,Judges Criteria,rap,Arobie1992,2014,,
160,From the Machine,rap,Van Roy Asylum,2020,-0.55,0.65
161,This Christmas,rap,No Genre,2016,0.25,0.65
162,When Will I Stop Dreaming,rap,Cadenza,2015,-0.7,-0.3
163,End of Discussion,rap,White Acid,2019,0.7,0.85
164,Guess,rap,Suave Sterling,2018,0.7,0.85
165,Sega Police,rap,Charles Hamilton,2013,0.7,0.85
166,Feel Like Dyin,rap,DirtBoys,2018,-0.4,0.65
167,KODO BOOGIE,rap,T-Time,2015,0.65,0.55
168,Foreword Backwoods,rap,Ataah King,2015,0.25,0.65
169,Everything BoZ,rap,Trippie Redd,2019,-0.2,0.7
170,So Many Tears,rap,DJ Holiday,2015,-0.55,0.65
171,Winn Dixie,rap,Yahto Bank,2020,-0.4,0.65
172,Mirror / Her Song,rap,Pick Patek,2018,-0.4,0.7
173,Buckets,rap,Abhi,2018,-0.4,0.65
174,Better Together,rap,Niq,2021,-0.4,0.65
175,Fraud,rap,Sethii Shmactt,2018,-0.55,0.65
176,Sky High,rap,Eddie DeShaun,2013,0.75,-0.5
177,Gotta Go,rap,Prince Scooter,2017,-0.7,0.3
178,Schoolastic book fair 2,rap,KevinKempt,2020,-0.4,0.65
179,Decline,rap,Chiddy Bang,2009,0.7,0.85
180,ON $WOLE,rap,Lewi$ Gold,2018,-0.4,0.65
181,Dreams,rap,Lil Freaky,2017,-0.55,0.65
182,Heavy n da Streets,rap,Young Dolph,2010,-0.4,0.65
183,Im Gone,rap,Jay Stud,2020,-0.7,-0.7
184,Boomer Humor,rap,Ojmosfhgry,2019,-0.6,0.45
185,Reward It,rap,Future,2020,0.75,-0.5
186,BEAUTIFUL,rap,Ylti,2016,-0.4,0.65
187,PSA 2021 24KaratKev,rap,indigomerkaba,2021,0.7,0.85
188,Ozzie Ostrich Sings A Song,rap,Aaron Fraser-Nash,2021,-0.4,0.65
189,Happy Birthday,rap,Venom of ifame,2020,0.6,-0.35
190,OTW,rap,FCG Heem,2020,-0.6,0.45
191,Big Afrika,rap,Innoss'B,2013,0.65,0.55
192,Fever Timothy Is Everywhere,rap,Dizraeli,2019,-0.2,0.7
193,VIBE,rap,Lil Kar$,2021,-0.4,0.65
194,C√òLD,rap,777Arcane,2020,0.25,0.65
195,Demon World,rap,The SHRINE,2021,-0.4,0.7
196,Triumphal Arch,rap,BabyLee,2013,0.7,0.85
197,1 OClock Jump,rap,Stevie Stone,2013,-0.4,0.65
198,Im On,rap,Monty,2012,0.85,-0.2
199,Finest,rap,Doestax,2021,0.65,0.55
200,Lemonade Boy,rap,JordyBoy (QC),2021,0.7,0.85
201,Capri Sun,rap,Yung Spinach Cumshot,2021,,
202,Time Heals,rap,Rell Riley,2018,,
203,Tsunami,rap,MOJA,2020,,
204,Appreciate Me,rap,Troy Ave,2016,,
205,Red Cap,rap,shy,2017,,
206,NEVA,rap,Dean Blunt & Poison Anna,2020,,
207,Wellfuckitthenimadoitanyway,rap,Mr. Muthafuckin eXquire,2020,,
208,Dear Marla,rap,Mike Bars,2018,,
209,Who Dis?,rap,WizTheMc,2017,,
210,How High,rap,Curren$y,2015,,
211,Sauce Ondjove,rap,Lioness,2018,,
212,Stand Up,rap,Poetic Killa,2022,,
213,Fuck it up Shawty,rap,Lil Mewf,2018,,
214,‚Äãlime-juice,rap,Sewerperson,2022,,
215,Do U Like My Song,rap,Sick Luke,2018,,
216,Habits,rap,Cypher Clique,2020,,
217,Down the Road,rap,BLOODCLOTS,2020,,
218,Till I Realized,rap,KTown Chano,2019,,
219,Devils Night,rap,Clarky,2012,,
220,Pull Up,rap,Pink Dreamz,2020,,
221,P.Y.T.,rap,Memphis Bleek,2000,,
222,Facades,rap,Tru (Rap),2017,,
223,AMBIEN,rap,Mockingbyrd,2019,,
224,One Time,rap,Julian Cruz,2013,,
225,Scrub,rap,Stunna Gambino,2019,,
226,Rock Out,rap,Slimelife Shawty,2020,,
227,Otis,rap,Cassidy,2013,,
228,NO BREAKS,rap,REVERIE,2019,,
229,To the Table,rap,Bronze Nazareth,2005,,
230,Mountains remix,rap,717pluto,2020,,
231,Trap,rap,Rich The Kid,2014,,
232,Halflife,rap,Deitycrew,2022,,
233,Attention Span,rap,Anthony John,2018,,
234,Refill rap version,rap,Elle Varner,2012,,
235,Dont mind me The Editorial,rap,Sean Toner,2015,,
236,It Was Me,rap,DoRoad,2021,,
237,Regret.,rap,Zoot (Artist),2021,,
238,Or Not,rap,Matthew (Old),2019,,
239,Bad Guy,rap,Jaypelb,2020,,
240,Gangsta Shit,rap,Carmike,1994,,
241,Psychosis,rap,JL,2013,,
242,Same Damn Time,rap,Future,2011,,
243,Actin Boujee,rap,Lil Sheik,2019,,
244,She Shine,rap,Omar LinX,2010,,
245,Static,rap,Built to Fade,2013,,
246,Focus,rap,Freddy Will,2009,,
247,Freddy Krueger,rap,Earl Sweatshirt,2019,,
248,Understand,rap,Nathan Young,2021,,
249,Raise Hell,rap,Tyri,2013,,
250,LL2ME,rap,ADB Icee-O,2021,,
251,Up To Something,rap,Stu Boi,2019,,
252,Cut Off,rap,Ciipher (Soundcloud),2017,,
253,Lookin 4 Luv,rap,Aknoa,2021,,
254,NO THOT ZONE III Unreleased,rap,Lettucejuuice,2019,,
255,Honor,rap,Laws,2011,,
256,New June,rap,CP (ClubParadise),2016,,
257,Girl.,rap,Teenage Syndicate,2016,,
258,Time Flies,rap,Anarky,2017,,
259,Crocs and jersey Remix,rap,Otis Banuchi,2022,,
260,Say sumthin,rap,Cado,2017,,
261,FF,rap,LA Dear,2018,,
262,Jack in the Box,rap,Twankstar,2013,,
263,IMAGINATION,rap,Kevin Abstract,2011,,
264,Immortals,rap,Hieroglyphics,2013,,
265,Block Popping,rap,MoStack,2016,,
266,Bad Girls Wont Turn Nice,rap,Yxng Maz,2018,,
267,Long nights.,rap,Death2deimos,2018,,
268,SHOOTOUT Snippet Demo,rap,Robb Bank$,2022,,
269,Rebel vs. Gravity,rap,Lecrae,2013,,
270,Lost  Found,rap,David Chidiac,2014,,
271,Prophecies,rap,Cheb Amin,2017,,
272,Stand Straight,rap,Mario William Vitale,2017,,
273,Hive Remix,rap,Trippy Tyler,2014,,
274,Pit Stop,rap,Sbvasi,2021,,
275,Baddie,rap,Big Ant Dog b.a.d,2021,,
276,G8INGD8WN,rap,ARN8LD,2019,,
277,My Time,rap,YUNG KEVO,2018,,
278,Ibtdbw,rap,Yung Skrrt,2018,,
279,Bak on √´m,rap,Yeat,2021,,
280,Status,rap,Mr. Lif,2002,,
281,‚Äãleisurely stroll through stepford suburbia,rap,mr. master,2020,,
282,Drop That Ass,rap,Crizzly,2017,,
283,This Is What It Comes Too,rap,Raekwon,2017,,
284,Control,rap,Pack2SOUR,2019,,
285,No Trace,rap,Onye Wolff,2018,,
286,K-12,rap,Jordxn,2020,,
287,DFFRNT,rap,TheOnlyEpisode,2020,,
288,Drip Like Leak,rap,Sosamann,2019,,
289,Victim of a Drive-By,rap,Three 6 Mafia,1994,,
290,Setitoff,rap,Azynporter,2018,,
291,The Sopranos,rap,Sy Ari da Kid,2022,,
292,Cloud,rap,Rex Pharaoh,2012,,
293,Museum Lifestyle Bonus Snippet,rap,King Space,2013,,
294,G$FB,rap,YG,2014,,
295,Demon Time,rap,Sxstem,2020,,
296,Lil K.O vs. Fbf K.O,rap,Fbf K.O,2022,,
297,Action,rap,Treacherous Three,1983,,
298,Rock the Rock,rap,SJ the Artisan,2017,,
299,Canada Goose,rap,Pressa,2017,,
300,Worth it,rb,Lhomelessm,2021,0.25,0.65
301,Shawty on fleek,rb,Radio Rell,2015,0.25,0.65
302,Mortia,rb,Prey (preye_itams),2015,0.6,-0.35
303,Udue,rb,Waje,2018,0.9,0.6
304,Be By Myself,rb,Janine,2018,-0.6,0.45
305,It‚Äôs the Love,rb,Carl Anderson,1984,0.25,0.65
306,Circles,rb,R.LUM.R,2019,-0.3,-0.7
307,Fallin‚Äô in Love,rb,RUSSELL!,2022,0.85,-0.2
308,Im Right This Time,rb,AOE,2017,-0.8,-0.3
309,Top Down,rb,Angela Muoz,2020,0.25,0.65
310,Codeine love,rb,Gavin Whyte,2021,0.75,-0.5
311,I Use,rb,Nylo,2015,-0.7,-0.3
312,BLVCK VINYL,rb,Judgement Of Yesterday,2014,0.1,-0.7
313,I love hating you,rb,Savage Rapscallion,2021,-0.7,0.55
314,Wave,rb,Svn. The. Singer.,2016,0.25,0.65
315,Imagine Your Body,rb,Ailani,2021,0.25,0.65
316,Silent Sounds,rb,Realnev,2022,-0.7,-0.3
317,Love Will Find A Way,rb,Inez Richardson,1921,0.9,0.6
318,Shot,rb,Lawrence,2016,-0.7,0.55
319,So Bad,rb,Lil Mosey,2016,0.25,0.65
320,Trippin,rb,IndigoChildRick,2020,0.25,0.65
321,Out in the Country,rb,Bobby Taylor,1969,-0.8,-0.3
322,Lost a Good Girl,rb,John Lee Hooker,1962,-0.75,-0.1
323,My Only One,rb,Your Grandparents,2019,-0.7,0.55
324,‚Äãput in the grave,rb,czyby,2020,-0.6,0.45
325,Simbisa Strengthen,rb,McKurry,2020,-0.6,0.45
326,Desire,rb,Zen Adler,2020,-0.7,-0.3
327,Number One,rb,Keke Palmer,2016,-0.7,-0.3
328,All Night Long,rb,Robin Thicke,2006,0.25,0.65
329,Love A God,rb,Nefertitti Avani,2021,-0.6,0.45
330,Ghideon,rb,Witch Prophet,2020,-0.7,0.55
331,Hypnotized,rb,Justine Skye,2021,-0.55,0.65
332,Who Told You That,rb,Mavis Staples,2017,-0.6,0.45
333,Gone,rb,Brendan Morris,2015,-0.7,-0.3
334,Oshepete,rb,Mayorkun,2018,0.7,0.85
335,That Thing,rb,Cherokee Monique,2017,-0.3,-0.7
336,Take Control Ride On Me Riddim,rb,EshcoNinco,2015,0.25,0.65
337,Boss Ryan Hemsworth Remix,rb,Tinashe,2018,-0.55,0.65
338,Together,rb,Tshego,2019,-0.4,0.7
339,Sinned,rb,Foreighn,2019,-0.7,0.55
340,Eve Interlude,rb,Jamila Woods,2017,0.85,-0.2
341,If Only You Knew,rb,Richard Jansen,2018,-0.7,-0.3
342,Sometimes,rb,Eric Bellinger,2016,0.1,-0.7
343,Give Me a Chance,rb,Hish,2019,0.25,0.65
344,How Will I Know The Voice Performance,rb,Wendy Moten,2021,-0.8,-0.3
345,Sorry Bout Dat,rb,Syl Johnson,1968,-0.3,-0.7
346,Losing,rb,Dominique Gorley,2021,-0.7,0.55
347,Jenny,rb,Morgan James,2017,-0.8,-0.3
348,You Made Me See,rb,Stefanie Heinzmann,2012,0.75,-0.5
349,Bantu Knots and Boudain,rb,Nicotine,2017,-0.7,-0.3
350,Champagne,rb,BJ the Chicago Kid,2019,0.6,-0.35
351,New Home,rb,Rekswav,2019,-0.8,-0.5
352,Dont Pretend,rb,Faye Meana,2017,-0.7,-0.3
353,Now Vs Then,rb,Daniel Jacob Cox,2020,-0.7,0.55
354,Drug,rb,SLAE,2019,0.25,0.65
355,Feels So Much Better,rb,Johnny Gill,1990,0.19,1
356,Man on the Moon,rb,Dom the Composer,2019,-0.8,-0.5
357,Everything I Give,rb,Mason Monroe,2017,0.25,0.65
358,One Love,rb,Gospel Hydration,2018,0.6,-0.35
359,Medicine Remix,rb,Sonta,2018,-0.7,0.55
360,Minetta Creek,rb,Blood Orange,2018,-0.8,-0.5
361,Yin or Yang,rb,Drew Kennett,2018,-0.6,0.45
362,Letter Bound,rb,Son Little,2017,0.7,0.85
363,Coma,rb,BKTHERULA,2017,-0.75,-0.1
364,Capture the Moon,rb,Champaign,1984,0.75,-0.5
365,Blur,rb,Girlish,2019,-0.7,0.55
366,Unashamed,rb,Whitney Houston,2002,0.85,-0.2
367,Eliza Evilsiza,rb,Micah Kesselring,2021,-0.7,0.55
368,Jealous,rb,Keke Palmer,2016,-0.6,0.45
369,Im So In Love,rb,SWV,1996,-0.4,0.7
370,I Do,rb,Boyz II Men,2000,0.7,0.85
371,Forever My Lady K-Ci‚Äôs Drum,rb,Jodeci,1991,0.7,0.85
372,Dried Petals,rb,Audrey Sherman,2021,0.75,-0.5
373,Midway,rb,Kofi the kyd,2019,0.6,-0.35
374,Time,rb,GALLO,2020,-0.8,-0.5
375,Good Firends,rb,Alex J. Price,2017,-0.7,0.55
376,Girl Code,rb,Tellemtee,2021,-0.7,0.55
377,Take a minute,rb,LilBoyzie,2019,0.85,-0.2
378,This Will Have to Do Until the Real Thing Comes Along,rb,Wilbert Harrison,1970,0.7,0.85
379,Escape,rb,JaMyron Minor,2021,-0.8,-0.5
380,Together We Can Make Such Sweet Music,rb,The Supremes & The Four Tops,1970,0.75,0.3
381,Family,rb,Goldie love,1992,0.75,0.3
382,I Bet You,rb,James Cook,2015,0.25,0.65
383,Whistle,rb,Jonn Hart,2018,0.25,0.65
384,Human Sacrifice,rb,Childish Gambino,2018,-0.8,-0.5
385,The Stages,rb,Cosmoofficially,2021,0.85,-0.2
386,Re-Write the Memories,rb,New Edition,2004,-0.7,0.55
387,20 Something,rb,Olivia King,2021,-0.4,0.7
388,Better,rb,Chastity (Chazz),2021,0.1,-0.7
389,X 1 Thing Wrong,rb,JoJo,2020,-0.6,0.45
390,One Night Lover,rb,Tory Lanez,2010,0.25,0.65
391,Numb,rb,Mack Keane,2019,0.1,-0.7
392,L.M.O.D.,rb,Dez Wave,2019,-0.6,0.45
393,Stay With Me,rb,KNNDYGRN,2018,-0.7,0.55
394,If I Hit,rb,112,2005,-0.7,-0.7
395,Patience,rb,Leon Hlabathi,2020,0.75,-0.5
396,Antidote,rb,Jeangu Macrooy,2017,0.1,-0.7
397,Away,rb,Nivea,2019,-0.7,-0.3
398,So You Need Me Now?,rb,Vaishalini,2021,-0.55,0.65
399,Every Time I Look Behind,rb,Nappy Camper,2017,-0.8,-0.3
400,Hold On to Me,rb,Kyle Dion,2016,-0.75,-0.1
401,Retrograde,rb,Berry Gum,2019,-0.2,0.7
402,Philosophies,rb,Joey Diamond,2019,-0.6,0.45
403,Oh No She Didnt,rb,Isyss,2002,-0.55,0.65
404,Dancing Slow,rb,Martha Reeves & The Vandellas,1964,0.6,-0.35
405,Until The Day Of,rb,Lenis,2017,0.85,0.2
406,I Wanna Do Things For You,rb,Eddie Floyd,1973,0.85,-0.15
407,Better than the real thing,rb,Snoozegod,2019,0.65,0.55
408,Last Thing I Do,rb,Casimir Cadence,2021,-0.7,0.3
409,DONT TELL ME,rb,TWONIEB,2021,0.25,0.65
410,Love Will Never Do Without You Work It Out 7,rb,Janet Jackson,1990,0.85,-0.15
411,Cherry Live At Shepherd‚Äôs Bush Empire London / 2007,rb,Amy Winehouse,2007,-0.7,0.55
412,Aloevera,rb,FRVRFRIDAY,2017,-0.6,0.45
413,Nani,rb,IDRYS,2017,0.25,0.65
414,A Song of Faith,rb,Yolanda Adams,2001,0.6,-0.35
415,Medicine.,rb,LoNEly iS hUNteR,2019,0.85,-0.15
416,Im Prison Bound,rb,Sunnyland Slim,1961,-0.75,-0.1
417,Rocket Ship,rb,Max Wonders,2016,-0.4,0.65
418,NTS 95,rb,Chrisstopher,2016,0.7,0.85
419,Power Back,rb,Mary J. Blige,2014,0.7,0.85
420,Company,rb,Trey Songz,2015,-0.8,-0.3
421,Bustin Loose,rb,Chuck Brown And The Soul Searchers,1979,0.25,0.65
422,After You Leave Girl,rb,The Jackson 5,2012,-0.7,0.55
423,The Judgement Come,rb,Cornell Campbell,1978,-0.75,-0.1
424,Forget About Me,rb,Angie Stone,2015,-0.8,-0.5
425,All You Need,rb,Victoria Mont,2018,0.85,-0.15
426,Love Fire Desire,rb,Dream Coterie,2020,0.1,-0.7
427,Watching You,rb,Slave,1980,0.25,0.65
428,Foolish,rb,Jalisa,2018,-0.7,0.55
429,Keep It Real,rb,Marmar Oso,2020,-0.7,0.55
430,Get What You Want,rb,Sir Woman,2022,-0.7,0.3
431,Im a female producer/singer. I need advice on this Drake/Jhene Aiko style track...,rb,Rachel Lehcar,2016,0.7,0.85
432,Going To the Hop,rb,The Satintones,1959,0.9,0.6
433,I‚Äôm Afraid The Masquerade is Over,rb,David Porter,1971,-0.4,0.7
434,Cool My Desire,rb,The Cheques,1969,0.25,0.65
435,The Time We Have,rb,O.V. Wright,1977,0.25,0.65
436,Fall In Love With Imperfections interlude,rb,Kill_Swxtch,2019,-0.7,0.55
437,Running Back,rb,ENI (IAMENI),2017,-0.55,0.65
438,Bush Doctor,rb,Peter Tosh,1978,-0.6,0.45
439,Waste,rb,Deadvoss,2019,-0.8,-0.3
440,Not A Love Song Prelude,rb,Jay Clique,2020,0.85,-0.15
441,Down Bad,rb,Sellous,2019,0.25,0.65
442,THE WORLD IS YOURS,rb,Yexwxrld,2020,0.7,0.85
443,The Girl Named Grey,rb,svrite,2018,0.75,0.3
444,The Addition to Blues,rb,Doug MacLeod,2008,0.19,1
445,Bad things,rb,LoNEly iS hUNteR,2019,0.7,0.85
446,FYRE,rb,Some.Unique.Individual,2021,-0.3,-0.7
447,Kidnapped,rb,Ginuwine,2011,0.25,0.65
448,Sun,rb,Safa Liron,2019,-0.75,-0.1
449,Fuk iz goin on ?,rb,Latelatekuro,2017,0.19,1
450,And I Love Him,rb,Nyah Grace,2020,0.1,-0.7
451,Serve This Royalty,rb,The Weeknd,2019,0.7,0.85
452,8PM in Pretoria,rb,Lucious Lark,2020,0.25,0.65
453,Do You Finally Need A Friend,rb,Terry Callier,1972,0.75,-0.5
454,Me  Me,rb,Mayila,2019,0.6,-0.35
455,Through The Storm,rb,S.O.L. (Sounds Of Life),1995,0.65,0.55
456,Head In the Clouds,rb,Slim of 112,2016,-0.3,-0.7
457,Christmas Without You,rb,Xscape,1996,-0.7,0.55
458,Cities on Fire,rb,Joshua Morata,2019,0.6,-0.35
459,Movement I II  III,rb,Lapalux,2014,0.7,0.85
460,Euphoria,rb,ORLI ANROW,2021,0.25,0.65
461,Come Up,rb,JD Moon,2020,-0.7,-0.7
462,Wake Up,rb,Taveeta,2017,-0.7,0.55
463,Go Don‚Äôt Leave,rb,BluPrint (Girl Group),2021,0.7,0.85
464,Heavy Love,rb,Mali Music,2014,0.65,0.55
465,Distance,rb,Carti Bankx,2017,0.7,0.85
466,Wild Honey,rb,Van Morrison,1980,0.7,0.85
467,Do It Well,rb,dvsn,2016,0.85,-0.2
468,No More Remix,rb,OMEHGA,2017,-0.6,0.45
469,Rocket Man,rb,CammWess & John Legend,2020,-0.7,-0.3
470,Crown  Key,rb,GAIKA,2018,-0.2,0.7
471,Shoe Was On The Other Foot,rb,Patti LaBelle,1997,-0.8,-0.3
472,FALLING,rb,Dro Kenji,2020,-0.6,0.45
473,GELATO feat. Devin,rb,Cayluu,2021,0.65,0.55
474,Undercover Love,rb,B Mac & B Sev,2019,0.25,0.65
475,Strange I Still Love You,rb,Margie Joseph,1974,-0.75,-0.1
476,Booty Music,rb,Git Fresh,2015,0.25,0.65
477,Vows,rb,Knucks,2017,0.25,0.65
478,Facetime,rb,Tank,2020,0.25,0.65
479,Natural,rb,Montell Fish,2018,0.85,-0.2
480,Midnight,rb,"Mike WiLL Made-It, Tessa Thompson & Gunna",2018,-0.4,0.7
481,Georgia,rb,Suave the producer,2021,0.85,-0.15
482,L.M.R.O.B.,rb,Dave Tsimba,2021,-0.7,-0.3
483,In A Minute,rb,Brazil Hill,2019,0.7,0.85
484,G-Code,rb,Marr Grey,2018,-0.7,0.3
485,More Fire,rb,Angel,2013,0.7,0.85
486,Now Youre Here,rb,Yola,2021,0.25,0.65
487,In Love,rb,Angel,2019,0.25,0.65
488,Fuck the World Summer in London,rb,Brent Faiyaz,2019,0.65,0.55
489,What About Us Acoustic,rb,Eric Bellinger,2021,-0.7,0.3
490,C H E B . ÿßŸÑÿ¥ÿßÿ® - ÿ∑ÿ±ÿ®Ÿàÿ¥ ÿØÿßŸÑŸàÿ±ÿØ - F R U I T English Translation,rb,Genius English Translations,2021,-0.6,0.45
491,Dumb Shit,rb,Tyrese,2014,-0.75,-0.1
492,Fertile,rb,LA timpa,2019,-0.3,-0.7
493,This girl is biracial,rb,Dons Life,2019,0.85,-0.15
494,Sparks,rb,"Marie Dahlstrm, Dan Diggas, Aligo",2021,0.25,0.65
495,See Saw,rb,The Moonglows,1958,-0.6,0.45
496,Memory No. 1,rb,Hammond Gamble,2008,-0.7,-0.3
497,Ungena Za Ulimwengu Unite The World,rb,The Temptations,1971,0.7,0.85
498,Just Do It,rb,Rai Hann,2020,0.65,0.55
499,Another Land,rb,D-toks,2020,-0.8,-0.3
500,Me Too,rb,MC Penis,2020,0.25,0.65
501,Part of Us,rb,Lou Berry,2021,,
502,Public Restroom,rb,Christinna O,2016,,
503,Angel From Elohim Freestyle,rb,Ke'Ondris,2019,,
504,Shut Up Kiss Me,rb,Maurice Moore,2018,,
505,Hate me,rb,LoNEly iS hUNteR,2019,,
506,Orange Earth,rb,Soft Glas,2017,,
507,You Ready,rb,Noli,2021,,
508,Hopeless Romantic,rb,Reece Hughes,2019,,
509,I Dont Know How to Smile,rb,Holladay,2017,,
510,Sleep,rb,Dahshanae,2019,,
511,Dont Let Me Down,rb,The Persuasions,2002,,
512,The Four Seasons,rb,Sy Ari da Kid,2021,,
513,Wet Blunt,rb,18 Plus,2016,,
514,Coffee From Colombia Extended Version,rb,Aygn Kazmova,2013,,
515,Shine On Live,rb,Luke James,2021,,
516,Now,rb,August Makorr,2020,,
517,Lowkey Remix,rb,Rochelle Jordan,2014,,
518,SET ME FREE,rb,Excuseme47,2014,,
519,Closure,rb,Sam Nelly,2014,,
520,E.F,rb,Shaolin Versachi,2017,,
521,Hollywood,rb,JAHKOY,2017,,
522,Brand New,rb,Sonta,2017,,
523,Miss U,rb,KOLDHEARTEDD,2020,,
524,High Times,rb,Emma Cole,2016,,
525,Slide Thru,rb,Regi Levi,2020,,
526,Yesterday,rb,Donny Hathaway,2004,,
527,Last Night Can We Move On?,rb,Montell Jordan,1999,,
528,Slip N Side,rb,Danny Boy Steward,1996,,
529,Crazy,rb,YLL GRYM,2020,,
530,Catch Me When I Fall,rb,Rahsaan Patterson,2019,,
531,Shout,rb,Original Broadway Cast of Ain't Too Proud,2019,,
532,Way Up,rb,Romeo B. Cameron,2017,,
533,Your Hoodie In My Bedroom,rb,Roman Kayz,2020,,
534,On You,rb,Tshego,2019,,
535,Do Better,rb,VEDO,2016,,
536,Wrap Your Arms Around Me Remix,rb,Qauro,2021,,
537,All To Myself,rb,Star Cast,2019,,
538,Yah You Know,rb,Prince,2019,,
539,Theres A Winner In You,rb,Patti LaBelle,1986,,
540,Down,rb,Ojerime,2016,,
541,Prayer Changes Things,rb,DJ Mik,2011,,
542,Knife,rb,Dana Williams,2020,,
543,Hoops,rb,Abraham Blue,2020,,
544,Be Okay,rb,ThandoNje,2020,,
545,$4E  SHOOTA ,rb,SHOOTA4E,2020,,
546,Taken,rb,Ivy Sole,2018,,
547,Love Me Love Me Not,rb,Keke Palmer,2012,,
548,Dope Lovers,rb,DPR IAN,2021,,
549,Bedroom,rb,The-Dream,2018,,
550,Dead Inside,rb,Asiah,2021,,
551,Truth,rb,Blve,2017,,
552,Catching Feelings,rb,Faith Evans,2005,,
553,Truce,rb,NateAntione,2020,,
554,Sick,rb,Ari Hernandez,2021,,
555,Getauuay,rb,PIZZAWPINEAPPLES,2017,,
556,Back to the World,rb,Tevin Campbell,1996,,
557,‚Äãwu tang freestyle i made dis shit like 2 seconds ago  i aint mix it so whatever,rb,JPEGMAFIA,2015,,
558,State of Mind,rb,Summer Black,2019,,
559,The Boys Look So Good,rb,3LW,2019,,
560,SLITHER,rb,Skazerr,2019,,
561,What Do You Have to Do To Stay on the Right Side of Love,rb,The Supremes & The Four Tops,1971,,
562,Days n Nights,rb,Mimikat,2021,,
563,Ethan,rb,ERA FLOWER POWER,2019,,
564,Choosin,rb,Justin Bieber,2017,,
565,AO,rb,Nat (Rap),2019,,
566,Hopeless Romance,rb,Yaghi,2021,,
567,The Pride,rb,The Isley Brothers,1977,,
568,Sundress,rb,B. Smyth,2021,,
569,Day Ones,rb,Nieman,2015,,
570,Meant 2 Me,rb,Kennedy Rd.,2019,,
571,Can You Come Over,rb,Amuro,2021,,
572,Devil¬¥s Home,rb,"Anto ""Antonio Rinaldi""",2019,,
573,FREE THROW,rb,Charles Infamous,2021,,
574,Winter Lovin,rb,Ash Doll,2019,,
575,Goldeneye Dave Morales Remix,rb,Tina Turner,2021,,
576,Dear Porsha,rb,Fizzy Hero,2021,,
577,Stand Up Straight and Walk Tall,rb,Jackie Shane,2017,,
578,Words Remain,rb,Moderator,2015,,
579,Whoo Who,rb,Flint Withers,2020,,
580,Walking in the Sun,rb,The Walker Brothers,1975,,
581,Sweating Honey Dijon Remix,rb,Alewya,2020,,
582,Love,rb,Grey Genius,2014,,
583,Sex In A Loft,rb,Pokahontas,2017,,
584,Heaven Help Us All,rb,Stevie Wonder,1970,,
585,Outside Myself,rb,Infinity Song,2021,,
586,Need You.,rb,Deaunta,2021,,
587,I Cant Quit You Baby,rb,Savoy Brown,1991,,
588,It Aint Necessarily So,rb,Aretha Franklin,1961,,
589,House Party,rb,Latrelle,2001,,
590,Get Up Get Into It Get Involved Finale Live At The Olympia Paris / 1971,rb,James Brown,1992,,
591,Ben Live in Japan 1973,rb,The Jackson 5,1973,,
592,Breath Away,rb,1NC,2000,,
593,Boss,rb,Grey Genius,2014,,
594,Tuck Yo Heart,rb,BSlime,2022,,
595,Honest Oceans,rb,JAIE (MY),2017,,
596,Rose,rb,Marian Carmel,2020,,
597,Hooked,rb,Keke Palmer,2020,,
598,Lonely,rb,Santiago Muhala,2019,,
599,My Very Own Monster Killer,rb,Jennah Bell,2011,,
600,Goons of Hazzard,rock,Dead Kennedys,1985,-0.4,0.65
601,Summertime Blues Royal Albert Hall,rock,The Who,2003,-0.8,-0.3
602,I Call My Pain by Your Name,rock,Ellen Foley,2021,-0.7,0.55
603,And the Healing Has Begun,rock,Van Morrison,1979,0.65,0.55
604,Tiny Screens,rock,Summerhead,2021,-0.8,-0.5
605,Shirley,rock,Sorrytown,2016,-0.8,-0.3
606,Making You Cry live Chicago 2008,rock,Ben Weasel,2009,0.1,-0.7
607,Beautiful Feeling Pt. 3,rock,Rich Kids On LSD,1994,-0.3,-0.7
608,That Side of Me,rock,12v Negative Earth,2004,-0.4,0.65
609,My Ex,rock,Nacho Gomez Cao,2020,-0.75,-0.1
610,Things Gonna Change Some,rock,Sugarloaf,1970,-0.3,-0.7
611,Cant fool me,rock,Apple Sweet Apple,2017,-0.6,0.45
612,Borstal Breakout,rock,Street Dogs,2003,-0.2,0.7
613,Kate  Cindy,rock,The Scaramanga Six,2021,-0.7,0.55
614,Behold the Tyrants Fall,rock,Chronolyth,2013,-0.55,0.65
615,Where The Wild Things Arent,rock,Dani Lee Pearce,2019,0.85,-0.15
616,See Spot Run,rock,Harborer,2020,-0.8,-0.5
617,UnbreakableTruth to Power EP,rock,Insolence,2020,-0.4,0.65
618,The Man Im Not,rock,Noah Dillon,2020,-0.3,-0.7
619,You Have Flaws,rock,"Captain, We're Sinking",2013,-0.8,-0.3
620,Rebels Out There,rock,Smiley & The Underclass,2019,-0.4,0.65
621,Supermarket Lobster Tank,rock,Dillon M.,2018,0.75,-0.5
622,Happy with What You Have to Be Happy With,rock,King Crimson,2002,-0.7,-0.7
623,Love Love Love,rock,John Prine,1986,-0.8,-0.5
624,We‚Äôre Not the Same,rock,Enjoy The View,2010,-0.7,-0.3
625,Those Were the Days,rock,Old 97's,2017,0.65,0.55
626,Ten Past Two,rock,The Roster,2019,0.19,1
627,Its In You,rock,The Who,1997,0.25,0.65
628,Sender/Reciever,rock,Sosaveme,2011,0.6,-0.35
629,Meropes Song,rock,Lena Gabrielle,2008,-0.75,-0.1
630,Shut Up,rock,blink-182,2001,-0.6,0.45
631,Fall in the Ocean,rock,House Ghost,2016,-0.3,-0.7
632,Jet Black Heart,rock,Arrows To Athens,2016,-0.8,-0.3
633,Pilgrims,rock,No-No Boy,2021,0.85,-0.15
634,Second Sight,rock,Harrow,1996,-0.7,0.55
635,What‚Äôs Love Got to Do with It,rock,Tina Turner,1984,-0.4,0.7
636,Death Prize,rock,Deficit (AU),2021,-0.55,0.65
637,Mirrorful,rock,Jawbox,1996,-0.6,0.45
638,Doubts,rock,Painting Promises,2019,-0.75,-0.1
639,Revolution Coming,rock,Red Mesa,2014,-0.4,0.65
640,Whenever Im Alone,rock,We Are Waves,2014,-0.4,0.7
641,Kill Somebody Unplugged,rock,YUNGBLUD,2018,-0.55,0.65
642,3 Legs,rock,Paul McCartney,1971,-0.7,0.55
643,Touch the Razor,rock,Hangman's Chair,2018,-0.8,-0.3
644,Everybody Bonus Track,rock,Stabilo,2006,-0.6,0.45
645,Keep Me,rock,Imminence,2017,-0.75,-0.1
646,Flesh of Fallen Angels,rock,Amaros,2017,-0.8,-0.5
647,Honor Never Dies,rock,Hatebreed,2013,0.7,0.85
648,Dont Be Shy Him,rock,Kelly Carter,2022,0.25,0.65
649,Stop,rock,The Summer Kills,2018,-0.7,0.55
650,Pink Lakes,rock,Solanas,2015,-0.3,-0.7
651,First Day of Spring,rock,Graham Parker,1995,0.85,-0.2
652,One Man Show,rock,30db,2010,-0.7,-0.3
653,Murderboy,rock,Finding Aureus,2021,-0.55,0.65
654,Turn It Up,rock,Ashland,2017,0.7,0.85
655,Take the Edge Off,rock,Lionize,2006,0.75,-0.5
656,Beauty Meets Beast,rock,Morbid Angel,2011,0.25,0.65
657,Backwash,rock,Deadlights (Post-Hardcore),2017,-0.6,0.45
658,Think,rock,Freshly Wrapped Candies,1989,0.6,-0.35
659,Altered Beast I,rock,King Gizzard & The Lizard Wizard,2017,-0.4,0.7
660,M.S. Bismarck,rock,Asphyx,1992,-0.4,0.65
661,The Waves,rock,Bjrn Riis,2017,-0.75,-0.1
662,Mile Away,rock,Allison Crutchfield,2017,-0.6,0.45
663,Ode To Rose,rock,CODA FACTO,2021,-0.7,0.55
664,Hampden Cabs,rock,The Dunts,2017,-0.7,-0.7
665,Faded Memory,rock,Skarlett Riot,2013,-0.8,-0.3
666,They Were Wrong,rock,The Dogs (Norway),2016,-0.3,-0.7
667,Rise With the Fallen Ones,rock,Cerberus (Band),2019,-0.55,0.65
668,Tempo,rock,Ray Charles,2000,0.7,0.85
669,Placeholder,rock,Secondsun,2020,-0.55,0.65
670,Frolic Room,rock,311,2006,-0.8,-0.5
671,Here Comes Sally,rock,Glen Burtnik,1987,0.85,-0.2
672,Blue Hazy Highs,rock,Django Django,2018,-0.3,-0.7
673,Memory,rock,Pat Symington,2021,-0.7,-0.3
674,The Fall,rock,Gojira,2012,-0.8,-0.3
675,Smashing Pumpkins‚Äôs ‚ÄúDaydream‚Äù,rock,Mr. Mendola,2014,-0.75,-0.1
676,Honey White,rock,Morphine,1995,-0.7,-0.3
677,Communion with the Void,rock,Antediluvian,2012,-0.8,-0.3
678,Waiting For Tomorrow,rock,Urbanites,2018,-0.75,-0.1
679,Rise,rock,Neither/neither World,2003,0.7,0.85
680,Wanna luv u,rock,Superlove (UK),2022,-0.7,0.3
681,Dont Get Funny with Me,rock,The Cramps,1991,-0.6,0.45
682,Carry On,rock,Mezmerized,2020,0.7,0.85
683,Fat City,rock,Airbourne,2007,0.65,0.55
684,Didnt It Rain,rock,Louis Armstrong,1958,-0.8,-0.5
685,With A Girl Like You,rock,The Legend (rock band),2021,0.75,-0.5
686,Dopey Joe,rock,The Velvet Underground,1973,-0.6,0.45
687,Rooms,rock,Harvey Parker,2020,-0.8,-0.3
688,Rainbow,rock,Kim Mitchell,1995,0.7,0.85
689,The Rabbit Hole,rock,In This Moment,2008,0.75,-0.5
690,Vampiretown,rock,Forrister,2013,-0.75,-0.1
691,Acquaintance,rock,Atlantic Wasteland,2019,-0.7,0.55
692,Take On Me,rock,Jonas Brothers,2013,-0.7,-0.3
693,Forward,rock,Flatfoot 56,2017,0.7,0.85
694,Without You,rock,Mike Shupp,1997,-0.7,-0.3
695,First Impressions,rock,The Publics,2019,-0.6,0.45
696,Execution,rock,Grave Digger (band),2010,-0.55,0.65
697,Great Soul,rock,The Tragically Hip,2016,-0.3,-0.7
698,Lay By Me,rock,Firekid,2015,0.6,-0.3
699,Warriors  Queens,rock,The Ninja (Band),1985,0.25,0.65
700,Smaller and Smaller,rock,Faith No More,1992,-0.8,-0.3
701,I Just Knew,rock,Andrew VanWyngarden,2014,-0.7,-0.3
702,Russian Winter,rock,London (Band),1990,-0.7,0.3
703,Falling,rock,Waste Of Mind,2018,0.7,0.85
704,The Straight and the Narrow,rock,Spiritualized,2001,-0.8,-0.5
705,Cloak and Dagger,rock,Rory Gallagher,1978,0.85,-0.15
706,Running,rock,Austin Stone Worship,2020,0.75,-0.5
707,Swing by Swing,rock,Like Torches,2016,-0.8,-0.3
708,Shine On,rock,Impellitteri,2018,0.65,0.55
709,Wake Me,rock,Bleachers,2014,-0.8,-0.5
710,Chessman Red Monday,rock,Amputated Genitals,2005,-0.2,0.7
711,Someone Special,rock,Fr Leo Watt & The Clefs,1971,0.85,-0.2
712,Stoned in Saigon,rock,Fresh,1971,-0.4,0.65
713,One More Chance,rock,Big Wreck,2019,-0.7,0.55
714,Waster,rock,Max Bemis and the Painful Splits,2010,-0.8,-0.3
715,Halloween 18,rock,Early Eyes,2021,-0.6,0.45
716,Up on High,rock,Daniel Rossen,2012,0.75,-0.5
717,Showdown,rock,Boy & Bear,2015,-0.4,0.65
718,Baby Please Dont Go,rock,AC/DC,1975,-0.75,-0.1
719,Mix Up Mix Up,rock,Bob Marley & The Wailers,1983,-0.6,0.45
720,James K. Polk,rock,They Might Be Giants,1996,0.65,0.55
721,End In Fire,rock,Alphawolves,2018,-0.8,-0.5
722,What Are You Afraid Of?,rock,Emphatic,2019,-0.4,0.7
723,Impious Plague in Catacombs,rock,Necrowretch,2013,-0.4,0.7
724,Zordon,rock,Munky,2019,-0.8,-0.5
725,Ode To Sleep,rock,twenty one pilots,2011,-0.8,-0.3
726,High School Drama Violence,rock,Clay J Gladstone,2021,-0.75,-0.1
727,Good Life,rock,Ron Pope,2018,0.85,-0.2
728,Rust,rock,Miss May I,2010,-0.4,0.65
729,5 Reasons,rock,Meg & Dia,2009,-0.7,-0.3
730,Your Property,rock,Swans,1984,-0.6,0.45
731,You Know You,rock,Agatha (Band),2015,-0.8,-0.5
732,Red War,rock,Soulfly,2015,-0.4,0.65
733,In the City,rock,Big Boys,1980,0.7,0.85
734,Godless,rock,The Crown (Band),1995,-0.8,-0.3
735,Just Couldnt Say,rock,Tim Staffell,2003,-0.75,-0.1
736,10:00 AM,rock,State Champs,2020,-0.7,0.55
737,Chorus and the Ring,rock,R.E.M.,2001,-0.4,0.65
738,Changes,rock,Captain Marryat,1974,0.75,-0.5
739,Walk On Water,rock,Nonpoint,2016,-0.6,0.45
740,Psychosomaticism,rock,Kylie V,2018,-0.8,-0.3
741,Wheres Vince?,rock,The Smashing Pumpkins,2016,-0.2,0.7
742,Dreams,rock,Country Joe and the Fish,1977,-0.8,-0.5
743,Sensory Overload,rock,Kuritarvitaja,2022,-0.75,-0.1
744,Double Helix,rock,Space Unicorn on Fire,2016,0.7,0.85
745,Sleeping Without a Pillow,rock,Ronoc 'N' Roll,2018,-0.8,-0.3
746,Restraint,rock,Mallcops,2020,-0.7,-0.3
747,Rending,rock,Lo-Ruhamah,2017,-0.4,0.65
748,Juvenile,rock,Jonathan (HRV),2015,-0.3,-0.7
749,A View to a Kill,rock,Diablo (band),2006,-0.4,0.65
750,Keep Nothing Hushed No No No,rock,Coley Mixan,2020,0.75,0.3
751,Hammered Demo,rock,Mtley Cre,1994,-0.55,0.65
752,Bones,rock,Matt McAndrew,2016,0.75,-0.5
753,Nostalgia,rock,Mild West,2019,-0.3,-0.7
754,Breakfast with the King,rock,Goatsnake,2020,-0.7,-0.3
755,Everybody Else But Me,rock,McKendrick,2000,-0.8,-0.3
756,Unsung Beauty,rock,I Declare War,2006,-0.8,-0.5
757,The Eagle of the Star,rock,Dwarrowdelf,2020,-0.2,0.7
758,Distaste for Ordinary Scum,rock,Those Who Bring the Torture,2007,-0.55,0.65
759,Sensation,rock,Animal Flag,2016,-0.7,0.55
760,Impermanence Streakt Through Marble,rock,Falls of Rauros,2017,-0.8,-0.3
761,Story of an Immigrant Acoustic,rock,Civil Twilight,2016,0.7,0.85
762,Try to Believe,rock,Y&T,1997,-0.3,-0.7
763,Working Class Hero,rock,Jimmy Barnes,2019,-0.6,0.45
764,Motorology,rock,Ozma,2007,-0.8,-0.3
765,Bliss,rock,Purple (Texas Music),2016,-0.2,0.7
766,Dissolver,rock,Perennial,2017,0.7,0.85
767,This Christmas,rock,Majestica,2021,-0.8,-0.5
768,Savage,rock,Ben Khan,2014,-0.55,0.65
769,Go Go Go,rock,Helena Arlock,2010,-0.7,-0.3
770,One More Heartache,rock,Marvin Gaye,1966,-0.75,-0.1
771,RISE,rock,I Prevail,2016,0.7,0.85
772,Saturday Night,rock,Cold Chisel,1984,-0.7,-0.3
773,No More Sorrow,rock,Linkin Park,2007,-0.55,0.65
774,Come Home,rock,OneRepublic,2007,-0.3,-0.7
775,Holding on,rock,Lynx (1976),1976,-0.8,-0.3
776,S.M.D.,rock,Solstice (USA),1992,-0.6,0.45
777,Alive,rock,Maggie Gently,2020,-0.7,0.3
778,The Wronged,rock,Thrown into Exile,2020,-0.8,-0.5
779,Prelude,rock,Scary Kids Scaring Kids,2007,-0.7,0.3
780,Resurrection Of Ancient Evil,rock,Ezurate,2007,-0.55,0.65
781,Oh Woman,rock,Newcomers Club,2018,-0.6,0.45
782,Penny Lane,rock,Aim High,2021,-0.55,0.65
783,Serrated,rock,Eldest 11,2013,-0.6,0.45
784,Clouds Over California,rock,DevilDriver,2007,-0.8,-0.5
785,Imminent War,rock,Hope for the Dying,2011,-0.3,-0.7
786,Anchored,rock,Ghost Brigade,2014,-0.8,-0.3
787,Sad people blue eyes,rock,Forever Unknown,2022,-0.8,-0.3
788,One of Those Things,rock,Sanctus Real,2013,0.7,0.85
789,Wax Rose Saturday,rock,Mux Mool,2010,0.7,0.85
790,Lenora,rock,Madam Macadam,2012,0.65,0.55
791,Crawling Back to You Alternate Version,rock,Tom Petty,2020,0.1,-0.7
792,I Just Want to Love You,rock,Leave it Blank (band),2018,0.25,0.65
793,Montaigne,rock,Pinback,1999,-0.7,0.55
794,Back Pages,rock,The Brandals,2021,-0.7,0.3
795,Dont Forget Me,rock,Neil Diamond,2010,-0.3,-0.7
796,Riding with the King,rock,B.B. King & Eric Clapton,2000,0.7,0.85
797,Take Me to Yolita,rock,Robert Pollard,2015,-0.7,0.55
798,Holly Golightly,rock,Frnois and The Atlas Mountains,2021,0.6,-0.35
799,Problems,rock,Local Violence,2021,-0.8,-0.3
800,Six Feet Under,rock,Cloverdale,2018,-0.8,-0.3
801,Sleeping,rock,Convent Bonfires,2020,,
802,Alone,rock,Nathan Ball,2015,,
803,Cracked Skulls,rock,The Megas,2018,,
804,Change?,rock,txyb,2022,,
805,Slappin,rock,Until the Dead Walk,2020,,
806,Revolution,rock,Crossfaith,2016,,
807,Freudian Slip,rock,Partition,2018,,
808,Smokers Outside the Hospital Doors,rock,Editors,2007,,
809,Taming the Dragon,rock,Brad Mehldau and Mark Guiliana,2014,,
810,Wander,rock,Sunwalker,2018,,
811,To Be Set Free,rock,Razor Red Noise,2009,,
812,The Chosen,rock,Among Demons,2020,,
813,Dreaming Of Houses,rock,Nina Persson,2014,,
814,Confessin the Blues,rock,The Rolling Stones,1964,,
815,Ghoul Inquisitor,rock,Katalepsy,2016,,
816,Sin Of My Youth,rock,Tom Petty and the Heartbreakers,2014,,
817,Brittle Bones,rock,Foxblood,2016,,
818,New Beginnings,rock,Finch (USA),2002,,
819,Gimme a Job,rock,Def Leppard,2002,,
820,Atlantis,rock,Whyzdom,2009,,
821,Deject,rock,TRVTH,2016,,
822,Dugout,rock,The Backseat Lovers,2019,,
823,Snap,rock,Terror,2015,,
824,Winter sleep,rock,OLIVIA inspi' REIRA (TRAPNEST),2007,,
825,Circle,rock,Ripsnorter,2005,,
826,Catch The Watch,rock,It Is Not Sound,2017,,
827,In the Fire,rock,Falcone Rising,2021,,
828,Magnetism,rock,Shock & Awe,2017,,
829,Living the Dream,rock,Sturgill Simpson,2014,,
830,Cute Corpses,rock,Bern and the Bastards,2022,,
831,Im Not Yours,rock,Angus & Julia Stone,2010,,
832,This Hearts on Fire,rock,Sad Caf,1989,,
833,Ill Let You Down,rock,Skunk Anansie,2016,,
834,Poor Howard,rock,Lead Belly,2014,,
835,Cybone One,rock,Grailknights,2022,,
836,Ignorance in Bliss,rock,Huldra,2019,,
837,The Letter,rock,Night,1980,,
838,Government Came 9980.0kHz 3617.1kHz 4521.0 kHz / Cliffs Gaze / cliffs‚Äô gaze at empty waters‚Äô rise / Ashes to Sea or Nearer to Thee,rock,Godspeed You! Black Emperor,2021,,
839,Someone Ur Not,rock,Trip Home,2020,,
840,Try to Remember,rock,Wade Hubbard,1986,,
841,Missing Information,rock,Undo K from Hot,2021,,
842,King of Apathy,rock,In Legend,2015,,
843,Untitled,rock,Marilyn Manson,1998,,
844,Together,rock,Jack McBannon,2021,,
845,Consume pedagogic,rock,Pedagogic torment,2015,,
846,A Dream,rock,Mutiilation,2001,,
847,Space Angel,rock,Dust For Lunch,2019,,
848,Gravity Waves,rock,Vinnum Sabbathi,2017,,
849,Malformed Chthonic Dream,rock,Anakim,2021,,
850,Tarrasque,rock,Bog Wizard,2020,,
851,05:15,rock,Pete Townshend,2015,,
852,1.4.5,rock,Dead Poet Society,2013,,
853,The Morning After,rock,Roy Orbison,1973,,
854,Nobody Hurt No One,rock,  (Natalia Podolskaya),2005,,
855,Further,rock,Wolf King,2018,,
856,Autumn Girl,rock,The Mason Green Experience,2020,,
857,Sex Bomb,rock,Spinnerette,2009,,
858,Fuxk It,rock,Green Jell,2021,,
859,Dark Faith,rock,MONDY MFZB,2019,,
860,No Hoard of Value,rock,Jinjer,2014,,
861,In The Mood,rock,Joanne Shaw Taylor,2018,,
862,Eye for an Eye,rock,WASTE [MN],2020,,
863,Verrazzano Floater,rock,Gravesend (Black Metal),2021,,
864,Lonesome in My Home,rock,North Mississippi Allstars,2019,,
865,Roymackonkey,rock,A Little Pity,2017,,
866,Anatomy of the Slave Slave III,rock,Jesus Loves Junkies,1996,,
867,Bright Lights,rock,Hawaiian Gremlins,2014,,
868,Erin Shores,rock,Spleen Arcana,2017,,
869,Everybody Wants Some,rock,Van Halen,1980,,
870,Dr. Feelgood Falls Off the Ocean,rock,Guided by Voices,2017,,
871,Isolani,rock,Banner Pilot,2011,,
872,Autumn,rock,Sparks The Rescue,2008,,
873,People You Know,rock,Dance Gavin Dance,2008,,
874,Love Song,rock,Korn,2005,,
875,Sweet Time,rock,Feed the Monkeys,2019,,
876,Another Day,rock,The EFFECTS (Band),2017,,
877,One Step Closer Rock Mix,rock,Linkin Park,2000,,
878,My Wife Died 6,rock,Me&me,2017,,
879,The Witness,rock,Source,2019,,
880,My Disintegration Animattronic Remix,rock,Celldweller,2020,,
881,The Fire,rock,Sapphire Solace,2016,,
882,Summer Friend,rock,Aerosol Airplanes,2020,,
883,Deadly Skies,rock,Hsker D,1983,,
884,The Negative,rock,Famous Last Words,2021,,
885,Like Shattering Diamonds,rock,Eastshade,2021,,
886,Ad Hominem,rock,No Kite (UK),2021,,
887,Legions of the Black Light,rock,Watain,2007,,
888,Chromeo,rock,cleopatrick,2016,,
889,Rabble Rouser,rock,Enter Shikari,2017,,
890,Despite,rock,"Down Time [Denver, CO]",2020,,
891,We Dont Need Luck To Make It,rock,Merchant Ships,2010,,
892,Baby Did a Bad Bad Thing,rock,Queen Kwong,2013,,
893,Monochrome,rock,Eastshade,2021,,
894,KVLT of Fear,rock,Angstkvlt,2021,,
895,Tiresome,rock,Jane the Mango,2020,,
896,January Walkout,rock,See Plus,2018,,
897,Been Down So Long,rock,The Doors,1971,,
898,Let Us Break All the Shields...,rock,Roger Waters,2005,,
899,I‚Äôm Just Using You,rock,Karla DeVito,1981,,
900,Pilot Of The Storm,pop,The Poodles,2009,-0.3,-0.7
901,Gorgeous,pop,ICE (USA),2015,0.65,0.55
902,The Worst Is yet To Come,pop,Slut,2021,-0.8,-0.5
903,Last of the Ghetto Astronauts,pop,Matthew Good Band,2015,-0.8,-0.3
904,Deep Inside My Heart,pop,Jamie Rivera,2003,0.9,0.6
905,She Lives By Night,pop,Nunslaughter,2003,0.7,0.85
906,Silver Felt,pop,Loch Lomond,2016,-0.7,-0.3
907,Broken Wing,pop,Evil,2021,-0.8,-0.3
908,Creature Of Night,pop,Zombie Girl,2007,-0.75,-0.1
909,‚Äãi need to say goodbye.,pop,Mive,2021,0.1,-0.7
910,Every inch of you,pop,Outshyne,2012,0.85,-0.2
911,Ill Be Turning To You,pop,Kieran Kane,2015,0.6,-0.35
912,One Small Chance,pop,Big Mountain,1999,0.7,0.85
913,Automata,pop,KOGARASHI,2019,-0.55,0.65
914,Hall of Death,pop,"Matt Sweeney & Bonnie ""Prince"" Billy",2021,-0.3,-0.7
915,The Life feat. Hussein Fatal Caddillac Tah  James Gotti,pop,Ja Rule,2015,0.7,0.85
916,Spin The Record,pop,Melodi Brown,2002,0.7,0.85
917,Not A Love Song,pop,Ida Corr,2017,-0.3,-0.7
918,The Greatest RedTop Remix,pop,Michelle Williams,2008,0.85,0.2
919,Im Yours,pop,Acoustic Sound Section,2015,0.85,-0.2
920,Come on Baby,pop,Jimmy Reed,2015,0.7,0.85
921,Summer Days in Bloom,pop,Maximilian Hecker,2007,-0.8,-0.3
922,SOMEDAY,pop,YOG$,2021,-0.7,-0.3
923,Thank You for All Your Loving,pop,Elton John,1968,0.85,-0.15
924,Explain,pop,Adi Lukovac & Ornamenti,2015,-0.8,-0.3
925,Remedy,pop,NBT CLEVER,2021,0.6,-0.35
926,Oh My Goodness,pop,The Lynns,1998,0.65,0.55
927,Never To Fall,pop,Svartahrid,2000,-0.4,0.65
928,Wanna Go,pop,push baby,2020,-0.3,-0.7
929,Testament,pop,MRM (UK),2020,-0.8,-0.3
930,Climbing,pop,Naomi Cowan,2020,0.7,0.85
931,To Be Loved Schillerschule Remix,pop,Whitney Tai,2015,-0.7,0.55
932,Too Late,pop,Aston Merrygold,2016,-0.7,-0.3
933,Gardens,pop,Tidus Duffer,2019,0.6,-0.35
934,Puttin in Work,pop,Bone Crusher,2003,0.7,0.85
935,No Child Left Behind,pop,Adolescents,2011,-0.6,0.45
936,Dont Believe the Good News,pop,Archers of Loaf,1995,-0.8,-0.5
937,Mercy,pop,Sarah McLachlan,1991,-0.7,-0.3
938,I Need You So,pop,LSU,1989,0.75,-0.5
939,Drugs N alcohol URLUVISLIKADRUG,pop,ATRA$HAD,2021,0.65,0.55
940,Not Gonna Bow,pop,Russ Taff,1985,0.7,0.85
941,Beautiful,pop,KIDZ BOP Kids,2003,-0.3,-0.7
942,True Love Will Find You In The End Cover,pop,Fond Memory Vacation,2021,0.6,-0.35
943,Valerie,pop,Vaughan Penn,2015,-0.8,-0.3
944,You are the reason,pop,CAPSULE,2007,0.6,-0.35
945,Put Me in the Picture,pop,Jump5,2002,0.19,1
946,Love by Way of Hollywood,pop,From Aphony,2005,-0.75,-0.1
947,Always Been Mine,pop,"Love, Alexa",2021,0.7,0.85
948,Take Off Ur Pants,pop,Indigo De Souza,2018,-0.7,0.3
949,Lost,pop,Aesthetic Pleasure,2018,0.7,0.85
950,Love You Now Love You Later,pop,Ben Kessler,2021,-0.3,-0.7
951,Mr Speaker Gets The World,pop,Madness,2015,0.7,0.85
952,Catherine Wheel,pop,Wild Beasts,2011,-0.8,-0.5
953,Mayday,pop,JP Thornewell,2018,-0.75,-0.1
954,Brand New,pop,Kim Sturre,2019,-0.4,0.65
955,Nobodys Fault But Mine,pop,Tom Jones,2010,-0.7,-0.3
956,The Watermark High,pop,Elliott,1998,-0.8,-0.3
957,Damned If I Do Ya Damned If I Dont Live From MTV Unplugged,pop,All Time Low,2010,-0.7,0.55
958,Love Yourself Cover,pop,Dua Lipa,2016,0.85,-0.2
959,Safari,pop,Sui Zhen,2015,0.6,-0.35
960,‚Äãlove nwantiti German Frizzo Remix,pop,CKay,2020,0.25,0.65
961,Please,pop,Rian,2019,0.25,0.65
962,Nine Summers Lost,pop,Harry Manx,2009,-0.7,-0.3
963,Do You Kow What I Mean,pop,Lee Michaels,2015,-0.7,0.55
964,Always The Same,pop,Dog Eat Dog,1999,-0.8,-0.3
965,Still Not Home,pop,Tift Merritt,2012,-0.3,-0.7
966,Church Of Disgust,pop,Nunslaughter,2003,-0.55,0.65
967,Accidental Happiness,pop,Ida Maria,2014,-0.3,-0.7
968,Hear It From You,pop,The Clarks,2015,-0.8,-0.3
969,Stop The Music Is Over,pop,Lutha,2015,-0.7,-0.3
970,Call It Quits,pop,The Ziggens,2015,-0.3,-0.7
971,Long Shot Acoustic Mix,pop,Antigone Rising,1999,-0.7,-0.3
972,Runner,pop,Corneliia,2018,-0.8,-0.5
973,Dont Wanna Lose You,pop,Risin' Black Hole,2013,-0.4,0.7
974,Alien Unplugged,pop,Your Favorite Martian,2012,-0.75,-0.1
975,I Dont Know How to Love You,pop,Delanie,2020,-0.7,0.3
976,Demon Of Destruction Agares,pop,Besatt,2015,-0.2,0.7
977,Nex Season,pop,King Django,2001,0.7,0.85
978,Beni Accident,pop,Pistolita,2006,-0.8,-0.3
979,Krule Love,pop,Julian Lamadrid,2016,-0.7,0.3
980,Cest La Vie,pop,Magnum (Band),1988,0.7,0.85
981,Little Girl Blue,pop,Carly Simon,1990,-0.3,-0.7
982,An Attempt To Forget,pop,Backseat Goodbye,2008,-0.8,-0.5
983,Chosen,pop,Sidewalk Prophets,2020,0.7,0.85
984,Listen,pop,Haley Reinhart,2016,0.7,0.85
985,Ghost,pop,Jeremiah Neil,2019,0.25,0.65
986,Wake Up Acoustic Version,pop,Sullivan King,2019,-0.7,-0.3
987,I Cant Wait,pop,E.G. Daily,1999,0.85,-0.2
988,Save Tonight,pop,The Harvard Opportunes,2015,-0.7,-0.3
989,Ever Seen This English Version,pop,Aceyalone & RJD2,2010,0.85,-0.2
990,Like Spinning Plates,pop,Bella Ruse,2011,-0.7,0.55
991,Summer All Year,pop,ECH,2020,0.9,0.6
992,Smog,pop,Moev,1990,-0.8,-0.5
993,Nearness,pop,Mark Barlow,2021,0.6,-0.35
994,Diamonds,pop,Miss Mango,2014,0.75,-0.5
995,Dont Know How to Behave,pop,Michi (Los Angeles),2020,-0.8,-0.5
996,Insecure,pop,Clover The Girl,2019,-0.8,-0.3
997,The weight,pop,Uncle Kracker,2015,-0.7,-0.3
998,Never Was Alright,pop,Dan and Drum,2019,-0.7,0.55
999,The Seasons in Between,pop,Enik,2006,-0.3,-0.7
1000,Hello Trouble,pop,Desert Rose Band,1988,0.1,-0.7
1001,Strange Fruit,pop,The Twilight Singers,2004,-0.8,-0.5
1002,ZERO FIVE STARS,pop,COUCOU CHLOE,2021,-0.7,-0.7
1003,Dementia,pop,Undercroft,2000,-0.2,0.7
1004,Love Is,pop,Roger Daltrey,1992,0.6,-0.35
1005,Til the Morning Sun Shines on My Love and Me,pop,Chris Rea,2005,-0.7,-0.3
1006,Before The Dawn,pop,Centinex,1997,-0.8,-0.3
1007,The Ballad Of Henry Darger,pop,Natalie Merchant,2015,0.7,0.85
1008,Walk On Stars,pop,Angels & Agony,2007,0.9,0.6
1009,Written All Over Your Face,pop,Glenn Hughes,2003,0.6,-0.35
1010,The Cold Wild Yonder,pop,Oliver Boyd and the Remembralls,2016,0.7,0.85
1011,Psalm 63,pop,Robbie Seay Band,2013,0.75,0.3
1012,Everybodys Had the Blues,pop,Dean Martin,1983,-0.7,-0.3
1013,Rave Machine,pop,Oliver Heldens,2020,0.7,0.85
1014,I Exalt Thee,pop,Phil Driscoll,1998,0.85,0.2
1015,One the Planes,pop,Jandek,1986,-0.3,-0.7
1016,Ronnies Samba,pop,Matt Bianco,2004,0.9,0.6
1017,Make The Best,pop,Chris Murray,2002,0.75,-0.5
1018,What I Needed,pop,Dark Dark Dark,2013,-0.3,-0.7
1019,Cereal Song Live,pop,The Blank Minds,2018,0.9,0.6
1020,The Void,pop,Nine Lashes,2012,-0.8,-0.5
1021,Sadness,pop,Paradox,2000,0.1,-0.7
1022,Were All Falling Apart,pop,OCTAVIO the Dweeb,2021,-0.8,-0.3
1023,Searching,pop,Lowes,2018,-0.6,0.45
1024,Slipknot,pop,Poor Old Lu,1995,-0.8,-0.5
1025,This Time,pop,NvMe,2021,-0.6,0.45
1026,Once Upon A Time,pop,Brandon Coleman (Bay Area),2014,-0.8,-0.3
1027,Indigo,pop,Lottie,2021,0.19,1
1028,Only In My Mind,pop,Imperative Reaction,2006,-0.3,-0.7
1029,God Knows,pop,Nico Santos,2018,0.65,0.55
1030,I Have Known Love,pop,Silver Apples,1969,0.1,-0.7
1031,Reflection,pop,Lil Animus,2011,-0.3,-0.7
1032,The Chosen Ones,pop,Hasse Froberg And Musical Companion,2015,0.1,-0.7
1033,No Good,pop,Perfume Genius,2014,-0.7,-0.3
1034,I Need More Time,pop,LoganPlayz,2018,-0.8,-0.3
1035,Morning star,pop,Jimi Hunydread,2020,0.65,0.55
1036,Damage Is Done,pop,Wet,2015,-0.7,-0.3
1037,She Left,pop,C-Tec,2000,-0.7,0.55
1038,Violence Rezz Remix,pop,Grimes & i_o,2021,-0.6,0.45
1039,Bob Dylans 115th Dream,pop,Asobi Seksu,2010,-0.3,-0.7
1040,Flowers of Youth,pop,Cynthia Alexander,2015,-0.7,-0.3
1041,Special,pop,Disally,2018,0.25,0.65
1042,If You Ask Me I Wont Say No,pop,Pete Shelley,1983,-0.4,0.65
1043,Awaken The Monster,pop,Gaia Epicus,2007,-0.2,0.7
1044,You Look Rly Cute,pop,awfultune,2019,0.7,0.85
1045,Evils On Top In The World,pop,Ten,2004,-0.8,-0.5
1046,Raveshing Chaos,pop,Houwitser,1999,-0.2,0.7
1047,New York New York II,pop,Glassio,2018,0.7,0.85
1048,Chief of Sinners,pop,Second Thief,2015,-0.8,-0.5
1049,Hospital Cover,pop,Cavetown,2014,-0.7,0.3
1050,You Do Something To Me,pop,Doris Day,1957,0.19,1
1051,Whos Fooling Who,pop,Jakko Jakszyk,1984,-0.7,0.55
1052,Happy Xmas War Is Over,pop,Damian McGinty,2016,0.9,0.6
1053,Who I Am,pop,Leif Bent,2018,0.1,-0.7
1054,The Epitaph,pop,Ethel Cain,2018,0.1,-0.7
1055,Did My Time Live at CBGB,pop,Korn,2006,-0.55,0.65
1056,Were All Theme Parks,pop,Team Goldie,2008,-0.7,0.3
1057,California,pop,Anthony Russo,2017,0.6,-0.35
1058,With You,pop,Rosel Pomaney,2018,0.65,0.55
1059,Ray of Sunshine,pop,Lucinnio,2013,0.6,-0.35
1060,Return of the Roughnecks,pop,The Chameleons,1985,-0.3,-0.7
1061,Be Sure,pop,Karen Clark Sheard,2002,0.7,0.85
1062,Where There Was Darkness,pop,Diana Ross,1970,0.9,0.6
1063,Exiles,pop,Cruachan,2002,-0.8,-0.5
1064,Love Can Die,pop,Benighted in Sodom,2010,-0.8,-0.3
1065,Bel Air,pop,Old 97's,1995,0.1,-0.7
1066,Finally,pop,Beborn Beton,1994,-0.7,-0.3
1067,Better Love,pop,WESLEE,2018,-0.7,0.3
1068,Message In A Bottle S O S,pop,Indica Wave,2020,-0.7,0.3
1069,Silver Bells,pop,Carol Jane,2015,0.65,0.55
1070,Alarms,pop,Parrotfish,2019,-0.75,-0.1
1071,For You,pop,Paula Sophie Bode,2020,-0.8,-0.3
1072,Contordations,pop,Assorted Jelly Beans,1998,0.7,0.85
1073,‚Äãilwy,pop,frocious,2021,-0.7,-0.3
1074,Malibu,pop,The Key of Awesome,2017,-0.7,-0.7
1075,Closer,pop,Mindy Smith,2012,0.75,-0.5
1076,Serious,pop,Anna Straker,2016,-0.3,-0.7
1077,‚Äãoblivion,pop,Coals,2020,0.75,-0.5
1078,Keeps Getting Better,pop,Josh Hoge,2008,0.85,-0.2
1079,Get My Shit Together,pop,johan lenox,2022,-0.3,-0.7
1080,Dont Think Twice Its Alright,pop,Nick Drake,2015,-0.7,-0.3
1081,Look At The Sign,pop,Liar Symphony,2015,0.85,0.2
1082,The First Time,pop,Loser (Rock),2006,0.7,0.85
1083,Requiem,pop,"Laura Dreyfuss, Michael Park & Jennifer Laura Thompson",2017,-0.55,0.65
1084,What Happened to the Night,pop,Sam Segurado,2017,-0.7,0.3
1085,Surrender,pop,The Hobos,1999,0.75,-0.5
1086,Ill Be Okay,pop,Amanda Marshall,1997,0.75,-0.5
1087,Never Have To Fall In Love Again,pop,Eleni Mandell,2012,-0.7,-0.3
1088,Lets Get Stoned,pop,Ron Pope,2017,0.25,0.65
1089,MOIST,pop,GESS,2015,0.7,0.85
1090,Goathorneds Revenge,pop,Azarath,2006,-0.55,0.65
1091,Could I Love You Any More,pop,Rene Dominique,2019,0.19,1
1092,Love In Motion,pop,Mayer Hawthorne,2012,0.7,0.85
1093,Send This To Your Crush,pop,Abbey Glover,2019,0.25,0.65
1094,Mafumafu „Åæ„Åµ„Åæ„Åµ  - I want to be a Girl Â•≥„ÅÆÂ≠ê„Å´„Å™„Çä„Åü„ÅÑ English Translation,pop,Genius English Translations,2019,-0.3,-0.7
1095,W.O.M.A.N,pop,Spice Girls,1999,0.65,0.55
1096,Great Southern Land,pop,Icehouse,1982,-0.7,-0.3
1097,Green Pastures In The Sky,pop,Ricky Skaggs,2009,0.6,-0.35
1098,Ïï†Í±î FOR English Translation,pop,Genius English Translations,2018,-0.7,-0.3
1099,If Youd Ever Needed Someone,pop,Paul Carrack,1997,-0.8,-0.3
1100,Lovers Leap,pop,Creeper Lagoon,2001,-0.4,0.7
1101,Me  My Head,pop,Quasi,1999,,
1102,Centurion Tales of Fireball Kids,pop,Fireballet,1975,,
1103,Cult of Love,pop,Art Imperial,2012,,
1104,Cruel,pop,The Rhythm Method,2017,,
1105,Rollin Stone,pop,Colin James,1997,,
1106,Kiss Me Goodbye,pop,Suzi Quatro,1990,,
1107,I WEAR THIS,pop,TELEx TELEXs,2019,,
1108,My immortal,pop,My immortal,2015,,
1109,Dont Cry Out The Teenagers remix,pop,Shiny Toy Guns,2015,,
1110,Fire,pop,O.A.R,2015,,
1111,IV,pop,Litany,2017,,
1112,Lord Make Me A Vessel,pop,Chicago Mass Choir,1992,,
1113,Just Cant Say Goodbye,pop,E.G. Daily,1989,,
1114,Everyone Was Down,pop,Eight Legs,2008,,
1115,Colors,pop,Craven,2020,,
1116,Sick Day,pop,Gloom Katz,2021,,
1117,Man I Need Dub,pop,Jagwar Ma,2015,,
1118,A Scary Time For Boys,pop,Lynzy Lab,2018,,
1119,To Bast,pop,Inkubus Sukkubus,2014,,
1120,Who U Gon Turn To?,pop,Mistah F.A.B.,2013,,
1121,Hesitating Blues,pop,Eartha Kitt,2015,,
1122,Papersoul II,pop,Getaway Dogs,2018,,
1123,Angelina,pop,Cerrone,1979,,
1124,The Underwater Garden,pop,Septicflesh,1994,,
1125,Let It Snow Let It Snow Let It Snow,pop,Kenny G,1999,,
1126,God Will,pop,Holly Cole,2015,,
1127,Where Words Fail Hate Speaks,pop,Hocico,2010,,
1128,Lightswitch,pop,Cathy Zeng,2019,,
1129,Home,pop,Shaddii,2018,,
1130,I WANT TO RUNAWAY FREESTYLE,pop,K1NGCRAZ3,2021,,
1131,Porno,pop,Idiot Stare,2015,,
1132,B-wall,pop,Poesie Noire,2015,,
1133,One Too Many Times,pop,Dreadlock Pussy,2015,,
1134,Long Talks,pop,The Early November,2006,,
1135,Hoodie Mizz Beats remix instrumental,pop,Lady Sovereign,2015,,
1136,Feel It Dirty Rotten Scoundrel Voyeurism Vocal Mix,pop,The Tamperer,1998,,
1137,Anxiety,pop,Ander Tavys,2021,,
1138,Back to You,pop,Sam Denton,2020,,
1139,Rosa Maria Cruzando Puertas,pop,Draco Rosa,2015,,
1140,Spoken For,pop,Sammy Davis Jr.,1955,,
1141,Setting Fires Blasterjaxx Remix,pop,The Chainsmokers & XYL,2016,,
1142,FEMA Coffins,pop,Office Of Future Plans,2011,,
1143,Go That Far Club Mix,pop,Bret Michaels,2010,,
1144,Worry Dem,pop,Zagga,2020,,
1145,New Heat,pop,Stardeath And White Dwarfs,2009,,
1146,If You Ever Want to be in Love,pop,Wind In Sails,2017,,
1147,Furnace,pop,Cop Shoot Cop,1993,,
1148,Blessings Be Yours Mister V,pop,The Sound of Animals Fighting,2008,,
1149,Awakening With You Turboslash Remix,pop,Scandroid,2017,,
1150,Young Fire Old Flame,pop,Amy MacDonald,2020,,
1151,How Was Your Time?,pop,Sofia Zarzuela,2019,,
1152,Booming Right At You,pop,Junkie XL,2008,,
1153,So complete,pop,Diddy,2015,,
1154,Manipulate Mastermind Mix,pop,Freezepop,2004,,
1155,Quebec and Back,pop,Busdriver,2009,,
1156,Jo Ann Walker,pop,Triumvirat,1978,,
1157,Like You,pop,Justin Anda,2021,,
1158,Force of Nature,pop,Break Science,2015,,
1159,Seconds Away,pop,BELVEDERE (Band),2015,,
1160,We Saw Your Boobs,pop,Seth MacFarlane,2013,,
1161,Dont Want to Struggle,pop,Tyler Lyle,2015,,
1162,Already Over,pop,Orson,2006,,
1163,Bones Song for Albert,pop,Mew,2015,,
1164,This Little Light of Mine,pop,Cast of Zoeys Extraordinary Playlist,2020,,
1165,Cry To Me,pop,Professor Longhair,1980,,
1166,Fate or Faith,pop,Ror-Shak,2005,,
1167,Dont Break Me Too,pop,Elizabeth Gillies,2016,,
1168,Julia,pop,Jungle,2014,,
1169,Critical,pop,Nevermind & TKO,2012,,
1170,Together Were Stranger,pop,No-Man,2003,,
1171,All I Need,pop,LIVE (Band),2006,,
1172,Down River,pop,Gravenhurst,2014,,
1173,Lets go,pop,Lars Eriksson,2015,,
1174,Gargle,pop,Fatso Jetson,1995,,
1175,the Week After The Week At Ashram,pop,Mess Up The Mess,2015,,
1176,Honey If You Love Him Thats All That Matters,pop,Andy Bell,2010,,
1177,The First Nowell,pop,Priests,2015,,
1178,Stereotype,pop,Elle Baez,2021,,
1179,Almost,pop,CHILDCARE,2021,,
1180,Moons,pop,R. Stevie Moore,1976,,
1181,For The Best,pop,Merpire,2018,,
1182,Game Owe Me,pop,D4L,2005,,
1183,Mine and Always,pop,Cut alia,2018,,
1184,Sinkhole Of Love,pop,Collin Herring,2005,,
1185,What About the Bond,pop,Bruce Cockburn,1980,,
1186,Burnt Silk,pop,Baltimore Crabs,2021,,
1187,Bananas feat. Sammy Adams,pop,Rapta,2018,,
1188,One Footnote to Kew. Rhone.,pop,"John Greaves, Peter Blegvad, Lisa Herman",1977,,
1189,Ballin -  US version,pop,FO&O,2015,,
1190,Changes,pop,Jennie Lena,2020,,
1191,Still in Love,pop,Matt Walden,2020,,
1192,Rude Times,pop,Bezegol,2009,,
1193,Adore,pop,You're Next!,2017,,
1194,Hey There Rose Tyler Doctor Who Parody,pop,GingerTen,2017,,
1195,Something Real,pop,Kirstin Maldonado,2017,,
1196,In Love With You,pop,Ne-Yo,2015,,
1197,The Cycle,pop,Emily Osment,2010,,
1198,I Just Wanna Be Alone,pop,cloudhighcomeup,2018,,
1199,Never Close Our Eyes,pop,Adam Lambert,2012,,
1200,Something in the Water,country,Pokey LaFarge,2015,0.7,0.85
1201,The Last Event,country,Matthew Ryan,2019,-0.8,-0.5
1202,Friends With The Enemy,country,Poor Man's Poison,2011,-0.8,-0.3
1203,Sleepin With the Radio On,country,Charly McClain,1981,-0.8,-0.3
1204,Riders in the Sky,country,Michael Martin Murphey,1993,-0.8,-0.5
1205,Close Your Eyes,country,Dan + Shay,2014,0.6,-0.35
1206,Taking A Chance On The Truth,country,The Infamous Stringdusters,2010,0.85,0.2
1207,Poor Mans Cocaine,country,Channing Wilson,2012,-0.6,0.45
1208,Its Been Done,country,The Oak Ridge Boys,1976,0.75,-0.5
1209,John Doe No. 24 Live - One Night Lonely,country,Mary Chapin Carpenter,2021,-0.7,-0.3
1210,In The Garden,country,Alan Jackson,2006,0.85,-0.2
1211,Stardust,country,Horseshoes & Hand Grenades,2020,-0.7,-0.3
1212,Big Mistake,country,Honeyhoney,2018,0.7,0.85
1213,Feels Like Country Music,country,Jon Wolfe,2019,0.6,-0.35
1214,The Elegant Impostor,country,"Bobby Bare, Jr.",2014,-0.3,-0.7
1215,Heart,country,Reba McEntire,1994,-0.7,-0.3
1216,Fire  Rain,country,Blake Henderson,2022,0.65,0.55
1217,Apes In A Daydream,country,Birdtalker,2021,-0.3,-0.7
1218,Andrew,country,Ezra Bell,2021,-0.8,-0.3
1219,Young Blood,country,Hunter Hayes,2016,0.25,0.65
1220,One of the Boys,country,9 to 5 Original Broadway Cast,2009,0.9,0.6
1221,One of Them Nights,country,Chris Young,2021,0.9,0.6
1222,Howdy,country,Chris Lane,2022,0.25,0.65
1223,Sugarland,country,Sugarland,2006,0.6,-0.35
1224,I Shall Wear A Crown,country,Gaither Vocal Band,1995,0.85,-0.2
1225,The Best of Me,country,Toad the Wet Sprocket,2021,0.75,-0.5
1226,Patches,country,George Jones & B.B. King,1994,-0.7,-0.3
1227,Little More You,country,Josh Abbott Band,2019,0.25,0.65
1228,Summercamp,country,The Infamous Stringdusters,2014,0.6,-0.35
1229,Chubby Chubby,country,Barry McGuire,1977,-0.8,-0.5
1230,She‚Äôs Out of My Life,country,Willie Nelson,1984,-0.8,-0.3
1231,Cowboys Dont Get Lucky All the Time,country,Gene Watson,1978,-0.3,-0.7
1232,Pontoon Boat,country,Sunny Ledfurd,2007,0.75,-0.5
1233,You Always Hurt The One You Love,country,Brenda Lee,1962,-0.7,-0.3
1234,Accidental Racist,country,Brad Paisley,2013,0.85,0.2
1235,Ten Years Of This,country,Gary Stewart,1977,-0.75,-0.1
1236,Twilight Time,country,Willie Nelson,1988,0.85,-0.15
1237,Famous Last Night Words,country,Sarahbeth Taite,2021,-0.7,-0.3
1238,Wonderful Tonight,country,Ronnie Dunn,2019,0.65,0.55
1239,Bible in a Drawer,country,The Scarring Party,2013,-0.7,-0.3
1240,Talk About the Good Times,country,Elvis Presley,1974,-0.7,0.55
1241,Ill Be Your Fool,country,Joe Ely,1978,-0.3,-0.7
1242,I Dont Hurt Anymore,country,Martina McBride,2005,0.75,0.3
1243,Time Burns On,country,Yarn,2010,0.1,-0.7
1244,This Land Is Your Land,country,Wanda Jackson,1969,0.85,0.2
1245,The Lady Came From Baltimore,country,Johnny Cash,1975,-0.8,-0.5
1246,Amys Eyes,country,Charley Pride,1989,-0.8,-0.3
1247,Big Truck,country,Dillon Carmichael,2021,-0.7,0.3
1248,Long Live The Night,country,The Reklaws,2018,0.6,-0.35
1249,Hell of a Woman,country,Nick Santino & the Northern Wind,2013,-0.7,0.3
1250,Storm Prayer re 3 songs,country,DEEP FEMME,2017,-0.4,0.7
1251,It Started All Over Again,country,Vern Gosdin,1977,-0.3,-0.7
1252,Snoky Mountain Memories,country,Mel Street,2022,0.6,-0.35
1253,I Think I  Might,country,RiFF RAFF,2019,-0.7,0.3
1254,Stars,country,Alison Krauss & Union Station,2001,-0.8,-0.5
1255,Bubbas Blues,country,My Bubba,2019,-0.7,-0.3
1256,Some Sweet Rainy Day,country,Sloppy Henry,1929,0.75,-0.5
1257,Loves Raining Down,country,Deer Creek Boys,2017,0.75,-0.5
1258,Til I Kissed You,country,Anne Murray,2002,0.19,1
1259,Playing After Dark,country,Peggy Sue (Country),1970,-0.4,0.65
1260,Come Early Mornin,country,Buddy Miller,2016,0.85,-0.2
1261,You Cant Make This Up,country,Blake Shelton,2016,0.19,1
1262,Coal Black Heart,country,Annie Bosko,2015,-0.55,0.65
1263,Song of the Bandit,country,Marty Robbins,1960,-0.7,-0.3
1264,Silent Night,country,Gloriana,2009,0.75,-0.5
1265,The Graceland Horses,country,Jim Lauderdale,2019,0.6,-0.35
1266,Backwoods Barbie,country,Dolly Parton,2008,-0.3,-0.7
1267,Send Me No Roses,country,Tommy Overstreet,1973,-0.8,-0.3
1268,When Its My Time,country,Rodney Atkins,2009,0.75,0.3
1269,Into the After,country,Horace Pinker,2011,0.1,-0.7
1270,Someone Before Me,country,Loretta Lynn,1966,-0.7,0.3
1271,Pale Fire,country,Amanda Shires,2016,-0.8,-0.5
1272,She Aint Going Nowhere,country,Steve Earle,2019,-0.3,-0.7
1273,Ill Be Your Man,country,Thomas Mac,2017,0.7,0.85
1274,The Prisoners Song,country,Vernon Dalhart,1924,-0.8,-0.3
1275,Good Old Days,country,JB And The Moonshine Band,2010,-0.7,-0.3
1276,Everybody Dies,country,The Goddamn Gallows,2007,-0.55,0.65
1277,Not Enough Love to Go Round,country,Conway Twitty,1987,-0.4,0.7
1278,Come Find Me,country,Alabama,2015,-0.8,-0.3
1279,Death,country,NQ Arbuckle,2014,-0.4,0.7
1280,It Comes And Goes,country,Johnny Cash,1978,-0.7,-0.3
1281,Oh Id Like To Go Away,country,The Everly Brothers,1991,-0.3,-0.7
1282,The Most Sensible Thing,country,Angry Grandpa,2015,-0.8,-0.5
1283,Silvertown Blues,country,Mark Knopfler,2000,-0.3,-0.7
1284,I Know A Wall When I See One,country,Toby Keith,1999,-0.7,-0.3
1285,Oklahoma Sunshine,country,Waylon Jennings,1974,-0.7,-0.7
1286,The Mighty Quinn,country,Ian & Sylvia,1968,0.7,0.85
1287,Love Birds,country,Gwen Sebastian,2020,0.6,-0.35
1288,Your Cheatin Heart,country,Beck,2001,-0.8,-0.3
1289,Sunshine Overtime,country,Chris Young,2015,-0.7,-0.7
1290,Til It Wasnt,country,Chris Ruediger,2021,-0.7,-0.3
1291,That‚Äôs how much I love you,country,Jean wolf,2021,0.6,-0.3
1292,There Is a Peace,country,Barry McGuire,1977,0.85,-0.15
1293,The Grand Tour,country,Jackson Ward,2015,-0.3,-0.7
1294,North of Cheyenne,country,Town Mountain,2018,-0.8,-0.5
1295,To Have You Stay,country,Jana Kramer,2017,-0.75,-0.1
1296,Im Throwing Rice,country,Jerry Lee Lewis,1970,-0.8,-0.3
1297,Finding Efe,country,Johnny Drille,2019,-0.7,-0.3
1298,Flexin,country,Jackie Chan,2019,0.85,-0.2
1299,Black Mass,country,The eXcavators,2015,-0.4,0.7
1300,I Just Couldnt Say No,country,Alabama,1997,-0.7,0.3
1301,You Are My Sunshine,country,Zach Bryan,2022,0.85,-0.2
1302,Rolling in the Dew,country,Shirley Collins,2020,0.6,-0.35
1303,Friends With Low Platelets,country,ZDoggMD,2014,-0.7,0.3
1304,So Shadows Never Run,country,Amy Blaschke,2017,-0.8,-0.5
1305,You Are,country,Dolly Parton,1977,0.85,-0.15
1306,Cry Myself to Sleep,country,Tami Neilson,2009,-0.7,-0.3
1307,City Lights,country,Rick Trevino,1998,-0.8,-0.3
1308,If My Heart Had a Heart,country,Cassadee Pope,2019,-0.8,-0.5
1309,We‚Äôll Always Have Each Other,country,Kenny Rogers,1958,0.9,0.6
1310,LAST WORDS,country,MBL CLAN,2022,0.7,0.85
1311,All the Other Roses Acoustic Version,country,Jayna Jennings,2019,-0.7,0.3
1312,A Different Kind Of Sad,country,Buck Owens,1977,-0.7,-0.3
1313,Thanks To Uncle John,country,Merle Haggard,2000,0.75,0.3
1314,Songs About,country,Lindi Ortega,2013,0.75,-0.5
1315,Twice As Blue,country,Goldie Hill,1960,-0.7,0.55
1316,Under the Sun,country,Ruston Kelly,2020,0.6,-0.35
1317,All Alone In This World Without You,country,Eddy Arnold,2005,-0.75,-0.1
1318,Weapon of Time,country,Redd Alexander,2020,-0.4,0.65
1319,Caught It from the Rye,country,Tr Burt,2020,-0.7,-0.3
1320,Different Now,country,Andy Gullahorn,2018,0.6,-0.35
1321,I Thought You Were The One,country,Emma White,2017,-0.8,-0.3
1322,Son Of A Son Of A Sailor Live,country,Jimmy Buffett,1978,0.65,0.55
1323,Keys To The Kingdom,country,Abigail Washburn And The Sparrow Quartet,2006,0.85,-0.2
1324,Pick Me Up On Your Way Down,country,Charlie Walker,1958,-0.7,0.55
1325,The beginning of me,country,Yentl,2017,0.9,0.6
1326,Loving Me Lonely,country,Martin McDaniels,2018,-0.3,-0.7
1327,Musta Had a Good Time,country,Parmalee,2012,0.19,1
1328,Ride,country,Seasick Steve,2016,0.1,-0.7
1329,Sweet Shadow Man,country,Lavender Country,2022,-0.7,0.3
1330,Old Friends,country,Willie Nelson & Roger Miller,1982,0.75,-0.5
1331,Hunger Pains,country,Confederate Railroad,1994,-0.7,-0.3
1332,Sylvias Mother,country,Bobby Bare,2015,-0.75,-0.1
1333,Graveyard Blues,country,Michael Jerome Browne,2011,-0.4,0.7
1334,Theres A Bottle Where She Used To Be,country,Carl Smith,2015,-0.8,-0.3
1335,Keeping It Small Town,country,Jason Aldean,2019,0.85,0.2
1336,Love Hangover,country,Emerson Drive,2012,-0.75,-0.1
1337,The Pain of Loving You,country,Lula Wiles,2019,-0.75,-0.1
1338,Losing Hand Live 2011,country,Willie Nelson & Wynton Marsalis,2011,-0.7,0.55
1339,Leavin The Land Of The Broken Hearted,country,BlackHawk,2002,-0.7,-0.7
1340,Drinkin Buddies,country,Logan Mize,2017,0.85,0.2
1341,Nightingale,country,Wilder Adkins,2013,-0.8,-0.5
1342,Feed Our Soul,country,Justin Russell Band,2021,0.65,0.55
1343,Bold Reynard,country,Ben Moss,2022,-0.7,-0.3
1344,Born To Love You RISE Recording,country,LANCO,2019,0.9,0.6
1345,Vinyl,country,George Canyon,2019,0.85,-0.2
1346,Do You Still Have Some Fight In You,country,Kyle Morgan,2021,-0.8,-0.5
1347,Served Cold,country,Van Susans,2013,-0.3,-0.7
1348,Wonderfilled,country,Kacey Musgraves,2013,-0.7,-0.3
1349,Certain,country,Bill Anderson,1966,-0.75,-0.1
1350,Hard Day,country,The Dead South,2017,-0.8,-0.3
1351,Circles,country,Jana Kramer,2015,0.9,0.6
1352,Meet Me by the Moonlight Alone,country,The Carter Family,1993,0.7,0.85
1353,Silver and Gold,country,Little Big Town,2014,0.6,-0.35
1354,Frosty the Snowman,country,Brenn Hill,2012,0.9,0.6
1355,Theres More to Leaving Than Just Saying Goodbye,country,Loretta Lynn,1973,-0.7,0.55
1356,Why Dont Anybody Stay Home No More,country,Margaret Lewis,1980,-0.3,-0.7
1357,Shes That Kind,country,Charley Pride,1972,0.85,0.2
1358,Settin The Woods On Fire,country,The Tractors,1994,0.7,0.85
1359,Lies,country,Amber Lynn Nicol,2011,-0.55,0.65
1360,Bangladesh,country,Kids Learning Tube,2018,0.7,0.85
1361,Will You Miss Me When Im Gone?,country,The Carter Family,1993,-0.8,-0.5
1362,Slow Dancing in a Burning Room,country,Lindsay Ell,2018,-0.3,-0.7
1363,I Dont Wanna Go To Heaven Choir Version,country,Nate Smith (Country),2022,0.85,-0.2
1364,Sin na sin Tommy Maverick cover,country,Mon Lee,2017,-0.4,0.65
1365,The Wheel Of Hurt,country,Bill Anderson,1967,-0.6,0.45
1366,Silent Night,country,Reba McEntire,1987,0.6,-0.35
1367,You Didnt Have To Go,country,Jimmy C. Newman,2020,-0.7,0.55
1368,Blue Hills In The Distance,country,Slim Dusty,2004,0.6,-0.3
1369,Leaving for Ohio,country,The Miners,2021,-0.7,-0.3
1370,How Not To,country,Dan + Shay,2016,-0.75,-0.1
1371,Marie‚Äôs Wedding,country,The Clancy Brothers & Tommy Makem,1963,0.9,0.6
1372,Ive Almost Jack Daniels Drowned,country,John Anderson,1981,-0.8,-0.3
1373,Together Were One,country,Bill Anderson & Jan Howard,1970,0.75,0.3
1374,ERP Implementation in Automobile Industry | Pridesys IT Ltd,country,Pridesys,2018,,
1375,Ill Start Believing In You,country,Hank Thompson,2000,-0.6,0.45
1376,Nothing To Do With You,country,Spencer Crandall,2021,0.75,-0.5
1377,Perfect Timing,country,Drive-By Truckers,2008,-0.3,-0.7
1378,Brown Bottle Flu,country,Kevin Kerby,2012,-0.8,-0.5
1379,Off-White,country,Pam Tillis,2001,0.6,-0.35
1380,If You Were You,country,Robert Vincent,2020,-0.8,-0.3
1381,Detroit Michigan,country,Kid Rock,2012,0.7,0.85
1382,Rough On The Living,country,Bobby Bare,1980,-0.7,-0.3
1383,Irish Medley,country,The Chicks,1992,-0.3,-0.7
1384,Away in a Manger,country,Ricky Skaggs,2003,0.6,-0.35
1385,Selfish,country,Stephanie Quayle,2017,0.25,0.65
1386,Love Me Or Dont,country,Jason Aldean,2018,0.1,-0.7
1387,Take Me Away Now,country,Grady Spencer & the Work,2021,0.6,-0.3
1388,That Song Is Driving Me Crazy,country,Tom T. Hall,1974,0.7,0.85
1389,Wake Me Up,country,Tebey,2014,-0.3,-0.7
1390,Felonious,country,Howe Gelb,2003,-0.7,-0.3
1391,Safe With Me Live,country,Shea & Tobias,2020,-0.8,-0.3
1392,Pulaski,country,Drive-By Truckers,2011,-0.3,-0.7
1393,Witness,country,Brush Arbor,1981,0.7,0.85
1394,A Good Man Is So Hard To Find,country,Dixie J Baker,2019,0.6,-0.35
1395,The Bigger the Fool the Harder the Fall,country,Kris Kristofferson & Brenda Lee,1982,-0.7,0.55
1396,Ruby Are You Mad,country,The Osborne Brothers,1959,-0.7,0.3
1397,A New Love,country,Reba McEntire,1989,-0.7,-0.3
1398,Touchdown Town,country,Aaron Watson,2020,0.7,0.85
1399,Nothing Like An Ocean,country,The Rankin Family,2007,-0.3,-0.7
1400,Ill Be Gone,country,Sarah Jarosz,2020,-0.7,0.3
1401,Fallen,country,Upchurch,2019,,
1402,Smoke Rise,country,Zac Brown Band,2010,,
1403,Country Song,country,Brieanna,2017,,
1404,She Just Started Liking Cheatin Songs,country,John Anderson,1980,,
1405,Kept Every Vow,country,Spencer Crandall,2019,,
1406,Lotta Boot Left To Fill,country,Eric Church,2009,,
1407,The Crossroad and the Emptiness,country,Jason Molina,2020,,
1408,Good To Bad,country,Catherine Britt,2021,,
1409,C√≥mo encontrar una buena compa√±√≠a de limpieza en Navarra,country,Usmanop,2021,,
1410,Texas,country,Willie Nelson,2004,,
1411,Faded Love,country,Asleep at the Wheel,1999,,
1412,Song of the week,country,Kenny Mehler,2020,,
1413,The Crying Game,country,Trent Tomlinson,2016,,
1414,All Fall Down,country,Emmylou Harris,1990,,
1415,Thru The Night - Live In Norway,country,Leon Virgil Bowers,2016,,
1416,Last Goodbye,country,Kolby Cooper,2019,,
1417,Make a Baby,country,Ciara,2018,,
1418,Silent Night,country,Toby Keith,2007,,
1419,The Masonic Ring,country,Howie Damron,2004,,
1420,Valentine,country,Willie Nelson,1993,,
1421,Basket Case,country,Gethen Jenkins,2019,,
1422,Never Let Him Go,country,Jenny Reynolds,2008,,
1423,Giving Up On You,country,Stick and Poke,2016,,
1424,Saint Sally,country,The Midnight Moan,2018,,
1425,Dont Go Down Baby,country,Robert Petway,1941,,
1426,Damaged Diana,country,Garrett Bryan,2018,,
1427,A Splitting Tree,country,David Wax Museum,2008,,
1428,Six Days on the Road,country,Dave Dudley,1963,,
1429,Peaceful Easy Feeling Live Millennium Concert Version,country,Eagles,2000,,
1430,It‚Äôs Just A Matter Of Time,country,Charley Pride,1991,,
1431,This Is Me,country,Randy Travis,1994,,
1432,Pancho,country,Don Williams,1998,,
1433,To Keep and Bear,country,Byron de la Vandal,2021,,
1434,Josh was an MIA,country,Daniel Antopolsky,2016,,
1435,Beauty and Pain,country,Greensky Bluegrass,2011,,
1436,Rocky Mountain Rangers,country,Colter Wall,2020,,
1437,If I Had It to Do Over,country,Aaron Tippin,1992,,
1438,Shrimpin Sailing,country,Johnny Cash,1968,,
1439,Mental Cruelty,country,Buck Owens,1996,,
1440,Mamas First Rodeo,country,Karen Jonas,2018,,
1441,Horizon of the Pine Trees,country,Dillon James,2020,,
1442,Until It‚Äôs Time for You to Go,country,Willie Nelson,1984,,
1443,Sweet Southern Spirit,country,The Cadillac Three,2020,,
1444,Stand and Deliver,country,Steep Canyon Rangers,2013,,
1445,I Will Survive,country,Billie Jo Spears,1979,,
1446,I Never Shed a Tear,country,Joshua Hedley,2018,,
1447,White Christmas,country,The Oak Ridge Boys,1982,,
1448,Drink You Away,country,Josh Meloy,2018,,
1449,Tennessee Saturday Night,country,Red Foley,1948,,
1450,Providence Place,country,Kacy & Clayton,2019,,
1451,Fan Girl,country,Michael Ray,2018,,
1452,I Never Go Home Anymore,country,Merle Haggard,1984,,
1453,Feel Alright,country,Steve Earle,1996,,
1454,Love and Honor,country,Merle Haggard,1974,,
1455,Top of the World,country,Tim McGraw,2015,,
1456,Little Wheel Spin and Spin 1966 Version,country,Buffy Sainte-Marie,1966,,
1457,No Help from God,country,Ryan Bingham,2012,,
1458,Wait on the Wine,country,Caroline Spence,2019,,
1459,Feck-feck-feck-feckity-feck,country,Jeffedyeffedy,2019,,
1460,Elizabeth,country,Julia Jacklin,2016,,
1461,Breathless,country,Taylor Swift,2010,,
1462,Temporary Nature Of Any Precious Thing,country,Lucinda Williams,2014,,
1463,Sippin‚Äô On The Simple Life,country,Craig Morgan,2020,,
1464,Then Love Dies,country,Johnny Paycheck,1967,,
1465,Getting Ready To Start Getting Ready,country,Rachel Baiman,2017,,
1466,Rocky Road,country,Alabama Sacred Harp Singers,1928,,
1467,It‚Äôs Only A Paper Moon,country,Jim Reeves,1964,,
1468,Id Surrender All,country,Randy Travis,1992,,
1469,Plow These Fields,country,The Haymarket Squares,2009,,
1470,Saturday,country,Jesus B.,2019,,
1471,A Storm Came Through This Room,country,Seckond Chaynce,2021,,
1472,Riptide,country,Nathan Evans,2020,,
1473,New York City Blues,country,Madison Lewis,2017,,
1474,On A Christmas Morning,country,Steve Wariner,1998,,
1475,The Unfortunate Brakeman,country,Kentucky Ramblers,1928,,
1476,Honey and Smoke,country,case/lang/veirs,2016,,
1477,So Gone,country,Buddy Jewell,2006,,
1478,Another Time,country,Giovannie and the Hired Guns,2017,,
1479,Cheap Suit,country,Jeffrey Foucault,2018,,
1480,Sweet Dream,country,John Hiatt,2021,,
1481,Im Here to Get My Baby Out of Jail,country,The Everly Brothers,1958,,
1482,Solar Pilgrim,country,Twain,2017,,
1483,Let‚Äôs Kiss and Make Up,country,Shania Twain,2017,,
1484,Rambler,country,Outlaw,2017,,
1485,Muddy Waters,country,Nikki Lane,2017,,
1486,Lonely Nights Of October,country,Lonesome Wyatt And The Holy Spooks,2010,,
1487,Me and Mine,country,Zach Bryan,2020,,
1488,Go Go Boots Are Back,country,Steve Earle,2015,,
1489,Love You,country,Chris Hawks,2021,,
1490,I Know Better,country,Deana Carter,2013,,
1491,When The Partys Over,country,Donovan Woods,2021,,
1492,Invitation to the Blues,country,Doug Sahm,2018,,
1493,The Twelfth of Never,country,Glen Campbell,1968,,
1494,River Of Death,country,Bill Monroe,2015,,
1495,Whiskey Chasin,country,Joe Stampley,2015,,
1496,Smoke In a Bar Acoustic,country,Travis Tritt,2022,,
1497,Away In A Manger,country,Brad Paisley,2006,,
1498,Sourwood Mountain,country,Pete Seeger,1965,,
1499,If Youre Ever In Oklahoma - Live At INTRUST Bank Arena Wichita KS / April 17 2017,country,Eric Church,2017,,